-- phpMyAdmin SQL Dump
-- version 4.9.5
-- https://www.phpmyadmin.net/
--
-- Host: localhost:3306
-- Generation Time: Dec 23, 2020 at 09:40 PM
-- Server version: 5.7.32
-- PHP Version: 7.3.6

SET SQL_MODE = "NO_AUTO_VALUE_ON_ZERO";
SET AUTOCOMMIT = 0;
START TRANSACTION;
SET time_zone = "+00:00";


/*!40101 SET @OLD_CHARACTER_SET_CLIENT=@@CHARACTER_SET_CLIENT */;
/*!40101 SET @OLD_CHARACTER_SET_RESULTS=@@CHARACTER_SET_RESULTS */;
/*!40101 SET @OLD_COLLATION_CONNECTION=@@COLLATION_CONNECTION */;
/*!40101 SET NAMES utf8mb4 */;

--
-- Database: `pubrhnet_wefaq`
--

-- --------------------------------------------------------

--
-- Table structure for table `activity_log`
--

CREATE TABLE `activity_log` (
  `id` bigint(20) UNSIGNED NOT NULL,
  `log_name` varchar(191) COLLATE utf8mb4_unicode_ci DEFAULT NULL,
  `description` text COLLATE utf8mb4_unicode_ci NOT NULL,
  `subject_id` bigint(20) UNSIGNED DEFAULT NULL,
  `subject_type` varchar(191) COLLATE utf8mb4_unicode_ci DEFAULT NULL,
  `causer_id` bigint(20) UNSIGNED DEFAULT NULL,
  `causer_type` varchar(191) COLLATE utf8mb4_unicode_ci DEFAULT NULL,
  `properties` json DEFAULT NULL,
  `created_at` timestamp NULL DEFAULT NULL,
  `updated_at` timestamp NULL DEFAULT NULL
) ENGINE=MyISAM DEFAULT CHARSET=utf8mb4 COLLATE=utf8mb4_unicode_ci;

--
-- Dumping data for table `activity_log`
--

INSERT INTO `activity_log` (`id`, `log_name`, `description`, `subject_id`, `subject_type`, `causer_id`, `causer_type`, `properties`, `created_at`, `updated_at`) VALUES
(1, 'admins', 'created', 1, 'App\\Models\\Admin', NULL, NULL, '{\"attributes\": {\"name\": \"Tariq Ayman\", \"email\": \"admin@admin.com\", \"status\": null}}', '2020-11-03 13:55:36', '2020-11-03 13:55:36'),
(2, 'admins', 'updated', 1, 'App\\Models\\Admin', 3, 'App\\Models\\User', '{\"old\": {\"name\": \"Tariq Ayman\", \"email\": \"admin@admin.com\", \"status\": null}, \"attributes\": {\"name\": \"Tariq Ayman\", \"email\": \"admin@admin.com\", \"status\": null}}', '2020-11-03 14:24:15', '2020-11-03 14:24:15'),
(3, 'admins', 'updated', 1, 'App\\Models\\Admin', 1, 'App\\Models\\Admin', '{\"old\": {\"name\": \"Tariq Ayman\", \"email\": \"admin@admin.com\", \"status\": null}, \"attributes\": {\"name\": \"Tariq Ayman\", \"email\": \"admin@admin.com\", \"status\": null}}', '2020-11-04 10:43:22', '2020-11-04 10:43:22'),
(4, 'admins', 'updated', 1, 'App\\Models\\Admin', 1, 'App\\Models\\Admin', '{\"old\": {\"name\": \"Tariq Ayman\", \"email\": \"admin@admin.com\", \"status\": null}, \"attributes\": {\"name\": \"Tariq Ayman\", \"email\": \"admin@admin.com\", \"status\": null}}', '2020-11-04 10:48:21', '2020-11-04 10:48:21'),
(5, 'admins', 'updated', 1, 'App\\Models\\Admin', 1, 'App\\Models\\Admin', '{\"old\": {\"name\": \"Tariq Ayman\", \"email\": \"admin@admin.com\", \"status\": null}, \"attributes\": {\"name\": \"Tariq Ayman\", \"email\": \"admin@admin.com\", \"status\": null}}', '2020-11-04 10:51:15', '2020-11-04 10:51:15'),
(6, 'admins', 'updated', 1, 'App\\Models\\Admin', 1, 'App\\Models\\Admin', '{\"old\": {\"name\": \"Tariq Ayman\", \"email\": \"admin@admin.com\", \"status\": null}, \"attributes\": {\"name\": \"Tariq Ayman\", \"email\": \"admin@admin.com\", \"status\": null}}', '2020-11-10 13:31:48', '2020-11-10 13:31:48'),
(7, 'admins', 'updated', 1, 'App\\Models\\Admin', 1, 'App\\Models\\Admin', '{\"old\": {\"name\": \"Tariq Ayman\", \"email\": \"admin@admin.com\", \"status\": null}, \"attributes\": {\"name\": \"Tariq Ayman\", \"email\": \"admin@admin.com\", \"status\": null}}', '2020-11-10 13:43:44', '2020-11-10 13:43:44'),
(8, 'admins', 'updated', 1, 'App\\Models\\Admin', 1, 'App\\Models\\Admin', '{\"old\": {\"name\": \"Tariq Ayman\", \"email\": \"admin@admin.com\", \"status\": null}, \"attributes\": {\"name\": \"Tariq Ayman\", \"email\": \"admin@admin.com\", \"status\": null}}', '2020-11-10 13:43:56', '2020-11-10 13:43:56'),
(9, 'admins', 'updated', 1, 'App\\Models\\Admin', 1, 'App\\Models\\Admin', '{\"old\": {\"name\": \"Tariq Ayman\", \"email\": \"admin@admin.com\", \"status\": null}, \"attributes\": {\"name\": \"Tariq Ayman\", \"email\": \"admin@admin.com\", \"status\": null}}', '2020-11-11 14:01:27', '2020-11-11 14:01:27'),
(10, 'admins', 'updated', 1, 'App\\Models\\Admin', 1, 'App\\Models\\Admin', '{\"old\": {\"name\": \"Tariq Ayman\", \"email\": \"admin@admin.com\", \"status\": null}, \"attributes\": {\"name\": \"Tariq Ayman\", \"email\": \"admin@admin.com\", \"status\": null}}', '2020-11-11 14:39:27', '2020-11-11 14:39:27'),
(11, 'admins', 'created', 2, 'App\\Models\\Admin', 1, 'App\\Models\\Admin', '{\"attributes\": {\"name\": \"eslam\", \"email\": \"eslam@rowaad.net\", \"status\": null}}', '2020-11-18 20:54:23', '2020-11-18 20:54:23'),
(12, 'admins', 'updated', 1, 'App\\Models\\Admin', 1, 'App\\Models\\Admin', '{\"old\": {\"name\": \"Tariq Ayman\", \"email\": \"admin@admin.com\", \"status\": null}, \"attributes\": {\"name\": \"Tariq Ayman\", \"email\": \"admin@admin.com\", \"status\": null}}', '2020-11-18 20:54:27', '2020-11-18 20:54:27'),
(13, 'admins', 'updated', 1, 'App\\Models\\Admin', 1, 'App\\Models\\Admin', '{\"old\": {\"name\": \"Tariq Ayman\", \"email\": \"admin@admin.com\", \"status\": null}, \"attributes\": {\"name\": \"Tariq Ayman\", \"email\": \"admin@admin.com\", \"status\": null}}', '2020-11-19 15:56:30', '2020-11-19 15:56:30'),
(14, 'admins', 'updated', 1, 'App\\Models\\Admin', 1, 'App\\Models\\Admin', '{\"old\": {\"name\": \"Tariq Ayman\", \"email\": \"admin@admin.com\", \"status\": null}, \"attributes\": {\"name\": \"Tariq Ayman\", \"email\": \"admin@admin.com\", \"status\": null}}', '2020-11-23 15:10:51', '2020-11-23 15:10:51'),
(15, 'admins', 'updated', 1, 'App\\Models\\Admin', 1, 'App\\Models\\Admin', '{\"old\": {\"name\": \"Tariq Ayman\", \"email\": \"admin@admin.com\", \"status\": null}, \"attributes\": {\"name\": \"Tariq Ayman\", \"email\": \"admin@admin.com\", \"status\": null}}', '2020-12-21 13:16:35', '2020-12-21 13:16:35');

-- --------------------------------------------------------

--
-- Table structure for table `administratives`
--

CREATE TABLE `administratives` (
  `id` bigint(20) UNSIGNED NOT NULL,
  `name` varchar(191) COLLATE utf8mb4_unicode_ci NOT NULL,
  `positions` varchar(191) COLLATE utf8mb4_unicode_ci NOT NULL,
  `order` int(11) NOT NULL DEFAULT '0',
  `deleted_at` timestamp NULL DEFAULT NULL,
  `created_at` timestamp NOT NULL DEFAULT CURRENT_TIMESTAMP,
  `updated_at` timestamp NOT NULL DEFAULT CURRENT_TIMESTAMP ON UPDATE CURRENT_TIMESTAMP
) ENGINE=MyISAM DEFAULT CHARSET=utf8mb4 COLLATE=utf8mb4_unicode_ci;

--
-- Dumping data for table `administratives`
--

INSERT INTO `administratives` (`id`, `name`, `positions`, `order`, `deleted_at`, `created_at`, `updated_at`) VALUES
(1, 'عبدالرزاق عتيبه الصامل', 'facere', 1, '2020-11-04 11:24:54', '2020-11-03 15:02:29', '2020-11-04 11:24:54'),
(2, 'مأمون السيف', 'eius', 9, '2020-11-04 12:13:37', '2020-11-03 15:02:29', '2020-11-04 12:13:37'),
(3, 'جهاد الأسمري', 'nesciunt', 7, '2020-11-04 12:13:41', '2020-11-03 15:02:29', '2020-11-04 12:13:41'),
(4, 'ىمنة الفرحان', 'aspernatur', 1, '2020-11-04 12:13:46', '2020-11-03 15:02:29', '2020-11-04 12:13:46'),
(5, 'السيدة هديل الفيفي', 'qui', 5, '2020-11-04 12:13:50', '2020-11-03 15:02:29', '2020-11-04 12:13:50'),
(6, 'محمود العرفج', 'sequi', 2, '2020-11-04 12:13:54', '2020-11-03 15:02:29', '2020-11-04 12:13:54'),
(7, 'موسى الأحمري', 'earum', 9, '2020-11-04 12:13:58', '2020-11-03 15:02:29', '2020-11-04 12:13:58'),
(8, 'عبيدة الحميد', 'autem', 5, '2020-11-04 12:14:04', '2020-11-03 15:02:29', '2020-11-04 12:14:04'),
(9, 'الدكتورة ديما السليم', 'nisi', 6, '2020-11-04 12:14:10', '2020-11-03 15:02:29', '2020-11-04 12:14:10'),
(10, 'رحمة السماعيل', 'cupiditate', 2, '2020-11-04 12:14:14', '2020-11-03 15:02:29', '2020-11-04 12:14:14'),
(11, 'اياس السماري', 'repudiandae', 0, '2020-11-04 12:14:18', '2020-11-03 15:02:29', '2020-11-04 12:14:18'),
(12, 'اديب الزامل', 'ipsam', 0, '2020-11-04 12:14:21', '2020-11-03 15:02:29', '2020-11-04 12:14:21'),
(13, 'ريناد العقل', 'nemo', 3, '2020-11-04 12:15:17', '2020-11-03 15:02:29', '2020-11-04 12:15:17'),
(14, 'غنى حبيب قيس الراجحي', 'laborum', 8, '2020-11-04 12:15:21', '2020-11-03 15:02:29', '2020-11-04 12:15:21'),
(15, 'سفيان اسماعيل هوساوي', 'vel', 8, '2020-11-04 12:15:24', '2020-11-03 15:02:29', '2020-11-04 12:15:24'),
(16, 'السيدة تقى العرفج', 'atque', 8, '2020-11-04 12:15:26', '2020-11-03 15:02:29', '2020-11-04 12:15:26'),
(17, 'الآنسة فايزة الراجحي', 'consectetur', 7, '2020-11-04 13:06:59', '2020-11-03 15:02:29', '2020-11-04 13:06:59'),
(18, 'غادة هاشم يعرب السويلم', 'incidunt', 3, '2020-11-04 13:07:03', '2020-11-03 15:02:29', '2020-11-04 13:07:03'),
(19, 'عزة عبدالجليل قارس الحصين', 'dolores', 2, '2020-11-04 13:07:05', '2020-11-03 15:02:29', '2020-11-04 13:07:05'),
(20, 'ديما وهيب فايز السمير', 'qui', 9, '2020-11-04 13:07:09', '2020-11-03 15:02:29', '2020-11-04 13:07:09'),
(21, 'المهندسة ورود الحميد', 'illo', 2, '2020-11-04 13:07:13', '2020-11-03 15:02:29', '2020-11-04 13:07:13'),
(22, 'جنى سقا', 'est', 6, '2020-11-04 13:07:18', '2020-11-03 15:02:29', '2020-11-04 13:07:18'),
(23, 'براء الحصين', 'laborum', 3, '2020-11-04 13:07:21', '2020-11-03 15:02:29', '2020-11-04 13:07:21'),
(24, 'بشائر رشاد منذر مدني', 'soluta', 5, '2020-11-04 13:07:23', '2020-11-03 15:02:29', '2020-11-04 13:07:23'),
(25, 'ميلاء الأحمري', 'illo', 6, '2020-11-04 13:07:25', '2020-11-03 15:02:29', '2020-11-04 13:07:25'),
(26, 'الدكتورة هازار الصقيه', 'consequuntur', 3, '2020-11-04 13:07:27', '2020-11-03 15:02:29', '2020-11-04 13:07:27'),
(27, 'دانية نزال الجهني', 'soluta', 8, '2020-11-04 13:07:29', '2020-11-03 15:02:29', '2020-11-04 13:07:29'),
(28, 'رشا السماعيل', 'accusantium', 4, '2020-11-04 13:07:31', '2020-11-03 15:02:29', '2020-11-04 13:07:31'),
(29, 'السيدة بتول مكي', 'dicta', 7, '2020-11-04 13:07:33', '2020-11-03 15:02:29', '2020-11-04 13:07:33'),
(30, 'سنابل معتز موسى المشيقح', 'voluptatem', 0, '2020-11-04 13:07:35', '2020-11-03 15:02:29', '2020-11-04 13:07:35'),
(31, 'السيدة ريتا الشهيل', 'explicabo', 0, '2020-11-04 13:07:37', '2020-11-03 15:02:29', '2020-11-04 13:07:37'),
(32, 'غادة صافي عبد القادر الخضيري', 'sunt', 6, '2020-11-04 13:07:40', '2020-11-03 15:02:29', '2020-11-04 13:07:40'),
(33, 'أميرة الحنتوشي', 'eius', 7, '2020-11-04 13:07:42', '2020-11-03 15:02:29', '2020-11-04 13:07:42'),
(34, 'حنين أواس السويلم', 'facere', 1, '2020-11-04 13:07:49', '2020-11-03 15:02:29', '2020-11-04 13:07:49'),
(35, 'رامز عمران راشد الحسين', 'aut', 5, '2020-11-04 13:08:24', '2020-11-03 15:02:29', '2020-11-04 13:08:24'),
(36, 'آيات الصامل', 'aut', 5, '2020-11-04 13:08:26', '2020-11-03 15:02:29', '2020-11-04 13:08:26'),
(37, 'المهندسة حليمة السهلي', 'reprehenderit', 2, '2020-11-04 13:08:28', '2020-11-03 15:02:29', '2020-11-04 13:08:28'),
(38, 'الآنسة ميان المشيقح', 'mollitia', 9, '2020-11-04 13:08:30', '2020-11-03 15:02:29', '2020-11-04 13:08:30'),
(39, 'وسيم جمال الخضيري', 'nihil', 4, '2020-11-04 13:08:32', '2020-11-03 15:02:29', '2020-11-04 13:08:32'),
(40, 'نهى طارق سقا', 'cumque', 9, '2020-11-04 13:08:34', '2020-11-03 15:02:29', '2020-11-04 13:08:34'),
(41, 'الدكتورة مجدولين السماعيل', 'pariatur', 5, '2020-11-04 13:08:35', '2020-11-03 15:02:29', '2020-11-04 13:08:35'),
(42, 'وسيم الراجحي', 'nisi', 9, '2020-11-04 13:08:38', '2020-11-03 15:02:29', '2020-11-04 13:08:38'),
(43, 'بدور الجهني', 'consequatur', 1, '2020-11-04 13:08:40', '2020-11-03 15:02:29', '2020-11-04 13:08:40'),
(44, 'الدكتورة سلمى السليم', 'id', 9, '2020-11-04 13:16:06', '2020-11-03 15:02:29', '2020-11-04 13:16:06'),
(45, 'مسعدة مهاب الماجد', 'minus', 6, '2020-11-04 13:16:08', '2020-11-03 15:02:29', '2020-11-04 13:16:08'),
(46, 'ياسمين الأسمري', 'aut', 5, '2020-11-04 13:16:13', '2020-11-03 15:02:29', '2020-11-04 13:16:13'),
(47, 'المهندسة براءة العنزي', 'et', 1, '2020-11-04 13:16:14', '2020-11-03 15:02:29', '2020-11-04 13:16:14'),
(48, 'المهندسة ميسم السالم', 'rerum', 8, '2020-11-04 13:16:16', '2020-11-03 15:02:29', '2020-11-04 13:16:16'),
(49, 'إسماعيل اسحق الزامل', 'quo', 5, '2020-11-04 13:16:18', '2020-11-03 15:02:29', '2020-11-04 13:16:18'),
(50, 'هنادي مدني', 'deleniti', 6, '2020-11-04 13:16:20', '2020-11-03 15:02:29', '2020-11-04 13:16:20'),
(51, 'حبيبة الحسين', 'est', 4, '2020-11-04 13:16:22', '2020-11-03 15:02:29', '2020-11-04 13:16:22'),
(52, 'فيروز الحميد', 'est', 7, '2020-11-04 14:22:33', '2020-11-03 15:02:29', '2020-11-04 14:22:33'),
(53, 'إيمان عبدالرؤوف مبارك الفدا', 'recusandae', 0, '2020-11-04 14:22:41', '2020-11-03 15:02:29', '2020-11-04 14:22:41'),
(54, 'نضال الجريد', 'aut', 7, '2020-11-04 14:22:46', '2020-11-03 15:02:29', '2020-11-04 14:22:46'),
(55, 'عبير الفرحان', 'doloribus', 2, '2020-11-04 15:08:52', '2020-11-03 15:02:29', '2020-11-04 15:08:52'),
(56, 'شادي قاسم العنزي', 'ipsa', 0, '2020-11-04 15:08:54', '2020-11-03 15:02:29', '2020-11-04 15:08:54'),
(57, 'السيدة بشرى المطرفي', 'officia', 6, '2020-11-04 15:08:55', '2020-11-03 15:02:29', '2020-11-04 15:08:55'),
(58, 'آثار السعيد', 'laboriosam', 2, '2020-11-04 15:08:57', '2020-11-03 15:02:29', '2020-11-04 15:08:57'),
(59, 'ريما الشهري', 'voluptatem', 6, '2020-11-04 15:08:59', '2020-11-03 15:02:29', '2020-11-04 15:08:59'),
(60, 'فادي الفريدي', 'possimus', 1, '2020-11-04 15:09:01', '2020-11-03 15:02:29', '2020-11-04 15:09:01'),
(61, 'معاذ الفيفي', 'aperiam', 2, '2020-11-04 15:09:05', '2020-11-03 15:02:29', '2020-11-04 15:09:05'),
(62, 'ركان سميح الراجحي', 'esse', 7, '2020-11-04 15:09:07', '2020-11-03 15:02:29', '2020-11-04 15:09:07'),
(63, 'سعاد المطرفي', 'a', 6, '2020-11-04 15:09:09', '2020-11-03 15:02:29', '2020-11-04 15:09:09'),
(64, 'لطفي المشيقح', 'est', 5, '2020-11-04 15:09:11', '2020-11-03 15:02:29', '2020-11-04 15:09:11'),
(65, 'رؤيه العقل', 'vel', 6, '2020-11-04 15:09:12', '2020-11-03 15:02:29', '2020-11-04 15:09:12'),
(66, 'السيدة رحمة الحصين', 'impedit', 9, '2020-11-04 15:09:14', '2020-11-03 15:02:29', '2020-11-04 15:09:14'),
(67, 'عهد نقولا عوف العنزي', 'voluptates', 0, '2020-11-04 15:09:16', '2020-11-03 15:02:29', '2020-11-04 15:09:16'),
(68, 'رحمة المنصور باشا', 'architecto', 8, '2020-11-04 15:09:18', '2020-11-03 15:02:29', '2020-11-04 15:09:18'),
(69, 'أحلام السيف', 'perspiciatis', 8, '2020-11-04 15:09:20', '2020-11-03 15:02:29', '2020-11-04 15:09:20'),
(70, 'سهر الحصين', 'a', 9, '2020-11-04 15:09:21', '2020-11-03 15:02:29', '2020-11-04 15:09:21'),
(71, 'رقية حسني عبدالكريم الشيباني', 'voluptas', 6, '2020-11-04 15:09:23', '2020-11-03 15:02:29', '2020-11-04 15:09:23'),
(72, 'خميس عبدالكريم الصقير', 'doloribus', 6, '2020-11-04 15:09:25', '2020-11-03 15:02:29', '2020-11-04 15:09:25'),
(73, 'حكم عليان اسحاق الجهني', 'cumque', 3, '2020-11-04 15:09:27', '2020-11-03 15:02:29', '2020-11-04 15:09:27'),
(74, 'السيدة سلام الراجحي', 'provident', 1, '2020-11-04 15:09:29', '2020-11-03 15:02:29', '2020-11-04 15:09:29'),
(75, 'اسراء السعيد', 'libero', 4, '2020-11-04 15:09:33', '2020-11-03 15:02:29', '2020-11-04 15:09:33'),
(76, 'السيدة أروى السعيد', 'expedita', 4, '2020-11-04 15:09:35', '2020-11-03 15:02:29', '2020-11-04 15:09:35'),
(77, 'الدكتورة ناديه الفرحان', 'nesciunt', 9, '2020-11-04 15:09:37', '2020-11-03 15:02:29', '2020-11-04 15:09:37'),
(78, 'مختار معاوية ياسين الراجحي', 'ullam', 2, '2020-11-04 15:09:39', '2020-11-03 15:02:29', '2020-11-04 15:09:39'),
(79, 'عادل فارس نعيم الماجد', 'tenetur', 0, '2020-11-04 15:09:42', '2020-11-03 15:02:29', '2020-11-04 15:09:42'),
(80, 'يعرب السهلي', 'illo', 4, '2020-11-04 15:09:44', '2020-11-03 15:02:29', '2020-11-04 15:09:44'),
(81, 'الآنسة صمود الشيباني', 'voluptate', 3, '2020-11-04 15:09:47', '2020-11-03 15:02:29', '2020-11-04 15:09:47'),
(82, 'آلاء الصامل', 'fugiat', 0, '2020-11-04 15:09:49', '2020-11-03 15:02:29', '2020-11-04 15:09:49'),
(83, 'سيما الشهري', 'dolor', 3, '2020-11-04 15:09:51', '2020-11-03 15:02:29', '2020-11-04 15:09:51'),
(84, 'إيمان إسلام مدني', 'nemo', 3, '2020-11-04 15:09:53', '2020-11-03 15:02:29', '2020-11-04 15:09:53'),
(85, 'اديب الفدا', 'dolorem', 3, '2020-11-04 15:10:07', '2020-11-03 15:02:29', '2020-11-04 15:10:07'),
(86, 'نسيمة مكي', 'quo', 7, '2020-11-04 15:10:09', '2020-11-03 15:02:29', '2020-11-04 15:10:09'),
(87, 'السيدة نادية مدني', 'sed', 2, '2020-11-04 15:10:11', '2020-11-03 15:02:29', '2020-11-04 15:10:11'),
(88, 'مدين العرفج', 'fugit', 1, '2020-11-04 15:10:14', '2020-11-03 15:02:29', '2020-11-04 15:10:14'),
(89, 'رغدة هوساوي', 'ex', 6, '2020-11-04 15:10:17', '2020-11-03 15:02:29', '2020-11-04 15:10:17'),
(90, 'فيفيان العنزي', 'corrupti', 5, '2020-11-04 15:10:18', '2020-11-03 15:02:29', '2020-11-04 15:10:18'),
(91, 'هند رشيد السهلي', 'quaerat', 2, '2020-11-04 15:10:21', '2020-11-03 15:02:29', '2020-11-04 15:10:21'),
(92, 'المهندسة معالي الخضيري', 'vero', 4, '2020-11-04 15:10:22', '2020-11-03 15:02:29', '2020-11-04 15:10:22'),
(93, 'رقية السمير', 'et', 1, '2020-11-04 15:10:25', '2020-11-03 15:02:29', '2020-11-04 15:10:25'),
(94, 'مصطفي العقل', 'voluptatem', 4, '2020-11-04 15:10:26', '2020-11-03 15:02:29', '2020-11-04 15:10:26'),
(95, 'نور الهدى برماوي', 'illo', 8, '2020-11-04 15:10:28', '2020-11-03 15:02:29', '2020-11-04 15:10:28'),
(96, 'رداد الزامل', 'impedit', 6, '2020-11-04 15:10:30', '2020-11-03 15:02:29', '2020-11-04 15:10:30'),
(97, 'هازار إيهاب الصقير', 'consequuntur', 6, NULL, '2020-11-03 15:02:29', '2020-11-03 15:02:29'),
(98, 'أميرة حامد العتيبي', 'non', 0, NULL, '2020-11-03 15:02:29', '2020-11-03 15:02:29'),
(99, 'ليليان العقل', 'consequuntur', 6, NULL, '2020-11-03 15:02:29', '2020-11-03 15:02:29'),
(100, 'غفران الخالدي', 'eius', 2, '2020-11-12 11:53:08', '2020-11-03 15:02:29', '2020-11-12 11:53:08'),
(101, 'test', 'test', 10, NULL, '2020-11-18 20:45:09', '2020-11-18 20:45:26');

-- --------------------------------------------------------

--
-- Table structure for table `admins`
--

CREATE TABLE `admins` (
  `id` bigint(20) UNSIGNED NOT NULL,
  `email` varchar(191) COLLATE utf8mb4_unicode_ci NOT NULL,
  `password` varchar(500) COLLATE utf8mb4_unicode_ci NOT NULL,
  `name` varchar(191) COLLATE utf8mb4_unicode_ci NOT NULL,
  `remember_token` varchar(100) COLLATE utf8mb4_unicode_ci DEFAULT NULL,
  `deleted_at` timestamp NULL DEFAULT NULL,
  `created_at` timestamp NOT NULL DEFAULT CURRENT_TIMESTAMP,
  `updated_at` timestamp NOT NULL DEFAULT CURRENT_TIMESTAMP ON UPDATE CURRENT_TIMESTAMP
) ENGINE=MyISAM DEFAULT CHARSET=utf8mb4 COLLATE=utf8mb4_unicode_ci;

--
-- Dumping data for table `admins`
--

INSERT INTO `admins` (`id`, `email`, `password`, `name`, `remember_token`, `deleted_at`, `created_at`, `updated_at`) VALUES
(1, 'admin@admin.com', '$2y$10$AOq9huO16jWQ9EoRzB5HX.dut.rtq8YjodzJIFknIH/0fanBSypjS', 'Tariq Ayman', 'jaqZCAqe3aVrIMJxwkqSIHIysDXr49N2iN4E12RS8I0kWZ0dUVnTgDrSJCBX', NULL, '2020-11-03 13:55:36', '2020-12-21 13:16:35'),
(2, 'eslam@rowaad.net', '$2y$10$YD6XhnTae4ZYUO.4BqeNgepYWWr1ac2hW.n/GoAfDM6MK0q3/32Bq', 'eslam', NULL, NULL, '2020-11-18 20:54:23', '2020-11-18 20:54:23');

-- --------------------------------------------------------

--
-- Table structure for table `albums`
--

CREATE TABLE `albums` (
  `id` bigint(20) UNSIGNED NOT NULL,
  `name` varchar(191) COLLATE utf8mb4_unicode_ci NOT NULL,
  `album_date` date NOT NULL,
  `description` varchar(191) COLLATE utf8mb4_unicode_ci NOT NULL,
  `deleted_at` timestamp NULL DEFAULT NULL,
  `created_at` timestamp NOT NULL DEFAULT CURRENT_TIMESTAMP,
  `updated_at` timestamp NOT NULL DEFAULT CURRENT_TIMESTAMP ON UPDATE CURRENT_TIMESTAMP,
  `imageAlbum` varchar(191) COLLATE utf8mb4_unicode_ci NOT NULL
) ENGINE=MyISAM DEFAULT CHARSET=utf8mb4 COLLATE=utf8mb4_unicode_ci;

--
-- Dumping data for table `albums`
--

INSERT INTO `albums` (`id`, `name`, `album_date`, `description`, `deleted_at`, `created_at`, `updated_at`, `imageAlbum`) VALUES
(1, 'لوريم ايبسوم', '2020-11-11', '<p>لوريم ايبسوم لوريم ايبسوم لوريم ايبسوم</p>', '2020-11-19 11:25:07', '2020-11-16 16:07:21', '2020-11-19 11:25:07', '20201118192228-U2QeEj6Olt.jpg'),
(2, 'لوريم ايبسوم', '2020-11-18', '<p>test</p>', NULL, '2020-11-18 20:39:21', '2020-11-19 11:26:53', '20201119142653-k5IuzCYj94.png'),
(3, 's', '1932-11-19', '<p>s</p>', NULL, '2020-11-19 13:34:32', '2020-11-19 13:35:17', '20201119163517-AczqnOyvHW.png');

-- --------------------------------------------------------

--
-- Table structure for table `album_images`
--

CREATE TABLE `album_images` (
  `id` bigint(20) UNSIGNED NOT NULL,
  `album_image_id` bigint(20) UNSIGNED NOT NULL,
  `image` varchar(191) COLLATE utf8mb4_unicode_ci NOT NULL,
  `deleted_at` timestamp NULL DEFAULT NULL,
  `created_at` timestamp NOT NULL DEFAULT CURRENT_TIMESTAMP,
  `updated_at` timestamp NOT NULL DEFAULT CURRENT_TIMESTAMP ON UPDATE CURRENT_TIMESTAMP
) ENGINE=MyISAM DEFAULT CHARSET=utf8mb4 COLLATE=utf8mb4_unicode_ci;

--
-- Dumping data for table `album_images`
--

INSERT INTO `album_images` (`id`, `album_image_id`, `image`, `deleted_at`, `created_at`, `updated_at`) VALUES
(1, 1, '20201116190743-lpEhSxYUPJ.jpg', '2020-11-18 12:08:56', '2020-11-16 16:07:43', '2020-11-18 12:08:56'),
(2, 1, '20201116190747-ow8d29Qrij.jpg', '2020-11-18 12:09:00', '2020-11-16 16:07:47', '2020-11-18 12:09:00'),
(3, 1, '20201118150915-xIRTjG4scj.png', NULL, '2020-11-18 12:09:15', '2020-11-18 12:09:15'),
(4, 1, '20201118150917-qFlHzQRkaa.png', NULL, '2020-11-18 12:09:17', '2020-11-18 12:09:17'),
(5, 1, '20201118150928-Q6cwHEChI6.png', NULL, '2020-11-18 12:09:28', '2020-11-18 12:09:28'),
(6, 1, '20201118150931-naekD7NnkB.png', NULL, '2020-11-18 12:09:31', '2020-11-18 12:09:31'),
(7, 2, '20201118233952-vF9lOVt8rE.png', '2020-11-19 10:26:12', '2020-11-18 20:39:52', '2020-11-19 10:26:12'),
(8, 2, '20201119132639-UG18Oqz6OX.png', '2020-11-19 11:26:25', '2020-11-19 10:26:39', '2020-11-19 11:26:25'),
(9, 2, '20201119132641-CWy8XnGWyy.png', '2020-11-19 11:26:33', '2020-11-19 10:26:41', '2020-11-19 11:26:33'),
(10, 2, '20201119132643-2B1ffTmLUF.png', '2020-11-19 11:26:28', '2020-11-19 10:26:43', '2020-11-19 11:26:28'),
(11, 2, '20201119132645-CHCRCulgc6.png', '2020-11-19 11:26:31', '2020-11-19 10:26:45', '2020-11-19 11:26:31'),
(12, 2, '20201119142648-Kk2DmEElqR.png', NULL, '2020-11-19 11:26:48', '2020-11-19 11:26:48'),
(13, 2, '20201119142649-1ne4fPl59e.png', NULL, '2020-11-19 11:26:49', '2020-11-19 11:26:49'),
(14, 2, '20201119142653-DYasagrMQp.png', NULL, '2020-11-19 11:26:53', '2020-11-19 11:26:53'),
(15, 3, '20201119163514-2HEQd2LQo5.png', NULL, '2020-11-19 13:35:14', '2020-11-19 13:35:14');

-- --------------------------------------------------------

--
-- Table structure for table `ashom`
--

CREATE TABLE `ashom` (
  `id` bigint(20) UNSIGNED NOT NULL,
  `name` varchar(191) COLLATE utf8mb4_unicode_ci NOT NULL,
  `price` decimal(15,5) NOT NULL,
  `total_stocks` varchar(191) COLLATE utf8mb4_unicode_ci NOT NULL,
  `deleted_at` timestamp NULL DEFAULT NULL,
  `created_at` timestamp NOT NULL DEFAULT CURRENT_TIMESTAMP,
  `updated_at` timestamp NOT NULL DEFAULT CURRENT_TIMESTAMP ON UPDATE CURRENT_TIMESTAMP
) ENGINE=MyISAM DEFAULT CHARSET=utf8mb4 COLLATE=utf8mb4_unicode_ci;

--
-- Dumping data for table `ashom`
--

INSERT INTO `ashom` (`id`, `name`, `price`, `total_stocks`, `deleted_at`, `created_at`, `updated_at`) VALUES
(1, 'سهم 1', 50.00000, '500', NULL, '2020-11-03 14:05:36', '2020-11-03 14:05:36'),
(2, 'عناد ضرار نصري الصامل', 6270.00000, '67559', '2020-11-04 15:03:15', '2020-11-03 15:02:30', '2020-11-04 15:03:15'),
(3, 'عاطف نصر جواهرجي', 582033.00000, '719856', '2020-11-04 15:03:17', '2020-11-03 15:02:30', '2020-11-04 15:03:17'),
(4, 'السيدة نبال جواهرجي', 136976.00000, '139244', '2020-11-04 15:03:21', '2020-11-03 15:02:30', '2020-11-04 15:03:21'),
(5, 'راشد الخالدي', 373215.00000, '111635', '2020-11-04 15:03:23', '2020-11-03 15:02:30', '2020-11-04 15:03:23'),
(6, 'أصالة مؤيد السويلم', 510883.00000, '291647', '2020-11-04 15:03:25', '2020-11-03 15:02:30', '2020-11-04 15:03:25'),
(7, 'عيد الفرحان', 134373.00000, '809002', '2020-11-04 15:03:27', '2020-11-03 15:02:30', '2020-11-04 15:03:27'),
(8, 'عالية المنيف', 146367.00000, '1736', '2020-11-04 15:03:31', '2020-11-03 15:02:30', '2020-11-04 15:03:31'),
(9, 'بشرى السعيد', 450917.00000, '237219', '2020-11-04 15:03:33', '2020-11-03 15:02:30', '2020-11-04 15:03:33'),
(10, 'ميسم مبارك مكي', 909516.00000, '993700', '2020-11-04 15:03:35', '2020-11-03 15:02:30', '2020-11-04 15:03:35'),
(11, 'اسراء يوسف ايوب الفدا', 615107.00000, '999191', '2020-11-04 15:03:38', '2020-11-03 15:02:30', '2020-11-04 15:03:38'),
(12, 'اسراء السهلي', 583037.00000, '798363', '2020-11-04 15:03:41', '2020-11-03 15:02:30', '2020-11-04 15:03:41'),
(13, 'بسام كنان السويلم', 121466.00000, '596718', '2020-11-04 15:03:43', '2020-11-03 15:02:30', '2020-11-04 15:03:43'),
(14, 'الدكتورة دانية الشهيل', 608185.00000, '873273', '2020-11-04 15:03:45', '2020-11-03 15:02:30', '2020-11-04 15:03:45'),
(15, 'نزار عمار العتيبي', 941961.00000, '603845', '2020-11-04 15:03:48', '2020-11-03 15:02:30', '2020-11-04 15:03:48'),
(16, 'نرمين الشيباني', 607637.00000, '797192', '2020-11-04 15:03:49', '2020-11-03 15:02:30', '2020-11-04 15:03:49'),
(17, 'ليندا زياد العتيبي', 322432.00000, '155690', '2020-11-04 15:03:51', '2020-11-03 15:02:30', '2020-11-04 15:03:51'),
(18, 'نزيه إسلام جواهرجي', 629996.00000, '318955', '2020-11-04 15:03:53', '2020-11-03 15:02:30', '2020-11-04 15:03:53'),
(19, 'نظام مدني', 494537.00000, '379664', '2020-11-04 15:03:55', '2020-11-03 15:02:30', '2020-11-04 15:03:55'),
(20, 'زين العابدين العقل', 588850.00000, '897526', '2020-11-04 15:03:57', '2020-11-03 15:02:30', '2020-11-04 15:03:57'),
(21, 'سيما عبدالناصر المطرفي', 876123.00000, '338846', '2020-11-04 15:04:00', '2020-11-03 15:02:30', '2020-11-04 15:04:00'),
(22, 'جهاد المنيف', 327950.00000, '41940', '2020-11-04 15:04:04', '2020-11-03 15:02:30', '2020-11-04 15:04:04'),
(23, 'عبدالناصر عواد رامي السماري', 547860.00000, '302546', '2020-11-04 15:04:08', '2020-11-03 15:02:30', '2020-11-04 15:04:08'),
(24, 'ميسر رافي المقبل', 794889.00000, '757842', '2020-11-04 15:04:14', '2020-11-03 15:02:30', '2020-11-04 15:04:14'),
(25, 'أنس محمد  الفيفي', 85224.00000, '337571', '2020-11-04 15:04:16', '2020-11-03 15:02:30', '2020-11-04 15:04:16'),
(26, 'دالية عبد المجيد الخالدي', 442079.00000, '599761', '2020-11-04 15:04:18', '2020-11-03 15:02:30', '2020-11-04 15:04:18'),
(27, 'زاهي الفرحان', 859249.00000, '640239', '2020-11-04 15:04:22', '2020-11-03 15:02:30', '2020-11-04 15:04:22'),
(28, 'إسراء الحميد', 249507.00000, '990438', '2020-11-04 15:04:24', '2020-11-03 15:02:30', '2020-11-04 15:04:24'),
(29, 'الدكتورة مريم المشيقح', 438621.00000, '704720', '2020-11-04 15:04:27', '2020-11-03 15:02:30', '2020-11-04 15:04:27'),
(30, 'ابراهيم الصقيه', 393358.00000, '710411', '2020-11-04 15:04:29', '2020-11-03 15:02:30', '2020-11-04 15:04:29'),
(31, 'اشراف عبد الرحمان عواد المشيقح', 828121.00000, '928579', '2020-11-04 15:04:31', '2020-11-03 15:02:30', '2020-11-04 15:04:31'),
(32, 'السيدة روزين السويلم', 118441.00000, '508922', '2020-11-04 15:04:34', '2020-11-03 15:02:30', '2020-11-04 15:04:34'),
(33, 'هاني شامل العنزي', 857929.00000, '105562', '2020-11-04 15:04:36', '2020-11-03 15:02:30', '2020-11-04 15:04:36'),
(34, 'المهندسة ميساء مكي', 339714.00000, '569125', '2020-11-04 15:04:48', '2020-11-03 15:02:30', '2020-11-04 15:04:48'),
(35, 'روزين الصقيه', 412495.00000, '751444', '2020-11-04 15:04:52', '2020-11-03 15:02:30', '2020-11-04 15:04:52'),
(36, 'المهندسة وسيم السليم', 486480.00000, '248241', '2020-11-04 15:04:57', '2020-11-03 15:02:30', '2020-11-04 15:04:57'),
(37, 'وسام القحطاني', 267912.00000, '144720', '2020-11-04 15:05:03', '2020-11-03 15:02:30', '2020-11-04 15:05:03'),
(38, 'عهد السيف', 589335.00000, '199748', '2020-11-04 15:05:05', '2020-11-03 15:02:30', '2020-11-04 15:05:05'),
(39, 'رشيد السعيد', 384284.00000, '289474', '2020-11-04 15:05:07', '2020-11-03 15:02:30', '2020-11-04 15:05:07'),
(40, 'رافي مدني', 536830.00000, '360054', '2020-11-04 15:05:11', '2020-11-03 15:02:30', '2020-11-04 15:05:11'),
(41, 'الآنسة سكينة جواهرجي', 751394.00000, '111534', '2020-11-04 15:05:14', '2020-11-03 15:02:30', '2020-11-04 15:05:14'),
(42, 'فاروق رئاد الشهري', 10347.00000, '579801', '2020-11-04 15:05:16', '2020-11-03 15:02:30', '2020-11-04 15:05:16'),
(43, 'إكرام الفيفي', 925052.00000, '348204', '2020-11-04 15:05:17', '2020-11-03 15:02:30', '2020-11-04 15:05:17'),
(44, 'خليفة هوساوي', 957519.00000, '14342', '2020-11-04 15:05:19', '2020-11-03 15:02:30', '2020-11-04 15:05:19'),
(45, 'المهندسة ميان الصقيه', 654665.00000, '847912', '2020-11-04 15:05:21', '2020-11-03 15:02:30', '2020-11-04 15:05:21'),
(46, 'المهندسة بتول السويلم', 838103.00000, '975930', '2020-11-04 15:05:23', '2020-11-03 15:02:30', '2020-11-04 15:05:23'),
(47, 'المهندسة فرح الراجحي', 737122.00000, '160681', '2020-11-04 15:05:25', '2020-11-03 15:02:30', '2020-11-04 15:05:25'),
(48, 'آية رسلان اليمان الشيباني', 272400.00000, '423209', '2020-11-04 15:05:27', '2020-11-03 15:02:30', '2020-11-04 15:05:27'),
(49, 'فوزية رامي مكي', 410578.00000, '900798', '2020-11-04 15:05:29', '2020-11-03 15:02:30', '2020-11-04 15:05:29'),
(50, 'ميسم مدني', 127306.00000, '19593', '2020-11-04 15:05:31', '2020-11-03 15:02:30', '2020-11-04 15:05:31'),
(51, 'السيدة معالي الحصين', 893712.00000, '535120', '2020-11-04 15:05:33', '2020-11-03 15:02:30', '2020-11-04 15:05:33'),
(52, 'ورود الشهري', 623862.00000, '979331', '2020-11-04 15:05:35', '2020-11-03 15:02:30', '2020-11-04 15:05:35'),
(53, 'جراح السعيد', 427550.00000, '291731', '2020-11-04 15:05:38', '2020-11-03 15:02:30', '2020-11-04 15:05:38'),
(54, 'إيمان هوساوي', 815026.00000, '420893', '2020-11-04 15:05:41', '2020-11-03 15:02:30', '2020-11-04 15:05:41'),
(55, 'صفوان ياسين عوني الجهني', 776143.00000, '616781', '2020-11-04 15:05:43', '2020-11-03 15:02:30', '2020-11-04 15:05:43'),
(56, 'سمية الحصين', 533555.00000, '797610', '2020-11-04 15:05:47', '2020-11-03 15:02:30', '2020-11-04 15:05:47'),
(57, 'إيناس الراجحي', 621502.00000, '878602', '2020-11-04 15:05:49', '2020-11-03 15:02:30', '2020-11-04 15:05:49'),
(58, 'ذياب العنزي', 143770.00000, '287398', '2020-11-04 15:05:51', '2020-11-03 15:02:30', '2020-11-04 15:05:51'),
(59, 'باسم الزامل', 541385.00000, '346105', '2020-11-04 15:05:56', '2020-11-03 15:02:30', '2020-11-04 15:05:56'),
(60, 'آدم باشا', 114303.00000, '549712', '2020-11-04 15:06:04', '2020-11-03 15:02:30', '2020-11-04 15:06:04'),
(61, 'آلاء صفاء الحنتوشي', 581103.00000, '855695', '2020-11-04 15:06:07', '2020-11-03 15:02:30', '2020-11-04 15:06:07'),
(62, 'الدكتورة صمود باشا', 977227.00000, '891505', '2020-11-04 15:06:09', '2020-11-03 15:02:30', '2020-11-04 15:06:09'),
(63, 'لينه مدني', 612228.00000, '608010', '2020-11-04 15:06:11', '2020-11-03 15:02:30', '2020-11-04 15:06:11'),
(64, 'لورينا المشيقح', 841376.00000, '554208', '2020-11-04 15:06:12', '2020-11-03 15:02:30', '2020-11-04 15:06:12'),
(65, 'سعاد انور عبد الحميد الفيفي', 329478.00000, '534971', '2020-11-04 15:06:14', '2020-11-03 15:02:30', '2020-11-04 15:06:14'),
(66, 'ادهم الحصين', 307363.00000, '457121', '2020-11-04 15:06:16', '2020-11-03 15:02:30', '2020-11-04 15:06:16'),
(67, 'ساهر باشا', 193814.00000, '281311', '2020-11-04 15:06:18', '2020-11-03 15:02:30', '2020-11-04 15:06:18'),
(68, 'الدكتورة أنعام الأحمري', 283464.00000, '471707', '2020-11-04 15:06:20', '2020-11-03 15:02:30', '2020-11-04 15:06:20'),
(69, 'دالية الصقيه', 70815.00000, '372123', '2020-11-04 15:06:23', '2020-11-03 15:02:30', '2020-11-04 15:06:23'),
(70, 'السيدة اسيل جواهرجي', 766809.00000, '872520', '2020-11-04 15:06:26', '2020-11-03 15:02:30', '2020-11-04 15:06:26'),
(71, 'راشد عبدالعزيز الحصين', 135949.00000, '910841', '2020-11-04 15:06:28', '2020-11-03 15:02:30', '2020-11-04 15:06:28'),
(72, 'غرام الفرحان', 916228.00000, '336701', '2020-11-04 15:06:30', '2020-11-03 15:02:30', '2020-11-04 15:06:30'),
(73, 'مروان الداوود', 635009.00000, '946097', '2020-11-04 15:06:32', '2020-11-03 15:02:30', '2020-11-04 15:06:32'),
(74, 'غازي مدني', 648872.00000, '594631', '2020-11-04 15:06:34', '2020-11-03 15:02:30', '2020-11-04 15:06:34'),
(75, 'الآنسة غنى الصامل', 73693.00000, '924558', '2020-11-04 15:06:36', '2020-11-03 15:02:30', '2020-11-04 15:06:36'),
(76, 'احسان الحصين', 964628.00000, '202161', '2020-11-04 15:06:38', '2020-11-03 15:02:30', '2020-11-04 15:06:38'),
(77, 'سهام السويلم', 591964.00000, '302045', '2020-11-04 15:06:40', '2020-11-03 15:02:30', '2020-11-04 15:06:40'),
(78, 'سهير العمرو', 337896.00000, '320208', '2020-11-04 15:06:42', '2020-11-03 15:02:30', '2020-11-04 15:06:42'),
(79, 'يونس الداوود', 890501.00000, '310950', '2020-11-04 15:06:44', '2020-11-03 15:02:30', '2020-11-04 15:06:44'),
(80, 'هادلين اسحاق السليم', 443750.00000, '11748', '2020-11-04 15:06:46', '2020-11-03 15:02:30', '2020-11-04 15:06:46'),
(81, 'بيسان حمدان باشا', 735616.00000, '734641', '2020-11-04 15:06:50', '2020-11-03 15:02:30', '2020-11-04 15:06:50'),
(82, 'فادية الحسين', 443429.00000, '411208', '2020-11-04 15:06:51', '2020-11-03 15:02:30', '2020-11-04 15:06:51'),
(83, 'رنيم العتيبي', 826953.00000, '684824', '2020-11-04 15:06:53', '2020-11-03 15:02:30', '2020-11-04 15:06:53'),
(84, 'هيثم السمير', 245678.00000, '322070', '2020-11-04 15:06:55', '2020-11-03 15:02:30', '2020-11-04 15:06:55'),
(85, 'مازن الصامل', 253341.00000, '215819', '2020-11-04 15:06:56', '2020-11-03 15:02:30', '2020-11-04 15:06:56'),
(86, 'زهرة عبد الحكيم عبد ربه الراجحي', 380906.00000, '745760', '2020-11-04 15:06:58', '2020-11-03 15:02:30', '2020-11-04 15:06:58'),
(87, 'بيداء جواهرجي', 382076.00000, '620658', '2020-11-04 15:07:01', '2020-11-03 15:02:30', '2020-11-04 15:07:01'),
(88, 'لطيفة الشهيل', 390311.00000, '582008', '2020-11-04 15:07:02', '2020-11-03 15:02:30', '2020-11-04 15:07:02'),
(89, 'الحارث فؤاد الخالدي', 741647.00000, '483574', '2020-11-04 15:07:04', '2020-11-03 15:02:30', '2020-11-04 15:07:04'),
(90, 'ابراهيم السويلم', 164078.00000, '986897', '2020-11-04 15:07:06', '2020-11-03 15:02:30', '2020-11-04 15:07:06'),
(91, 'عريق العمرو', 607192.00000, '646956', '2020-11-04 15:07:08', '2020-11-03 15:02:30', '2020-11-04 15:07:08'),
(92, 'رمال السويلم', 982163.00000, '625628', '2020-11-04 15:07:12', '2020-11-03 15:02:30', '2020-11-04 15:07:12'),
(93, 'البراء صفاء السهلي', 548050.00000, '599844', '2020-11-04 15:07:14', '2020-11-03 15:02:30', '2020-11-04 15:07:14'),
(94, 'لينا نشات غسان هوساوي', 525965.00000, '8321', '2020-11-04 15:07:16', '2020-11-03 15:02:30', '2020-11-04 15:07:16'),
(95, 'شفاء الجريد', 444629.00000, '216956', '2020-11-04 15:07:17', '2020-11-03 15:02:30', '2020-11-04 15:07:17'),
(96, 'ياسين أيوب الفريدي', 669753.00000, '874123', '2020-11-04 15:07:20', '2020-11-03 15:02:30', '2020-11-04 15:07:20'),
(97, 'سيما سند ايمن الشيباني', 991310.00000, '986323', '2020-11-04 15:07:21', '2020-11-03 15:02:30', '2020-11-04 15:07:21'),
(98, 'الدكتورة رولى المطرفي', 273199.00000, '692047', '2020-11-04 15:07:23', '2020-11-03 15:02:30', '2020-11-04 15:07:23'),
(99, 'الدكتورة منار برماوي', 588973.00000, '73632', '2020-11-04 15:07:25', '2020-11-03 15:02:30', '2020-11-04 15:07:25'),
(100, 'هذال الشهري', 712437.00000, '28295', '2020-11-04 15:07:27', '2020-11-03 15:02:30', '2020-11-04 15:07:27'),
(101, 'مستشفى خيري', 1000.00000, '15000', NULL, '2020-11-03 15:02:30', '2020-11-04 15:07:46'),
(102, 'مسجد', 1576.00000, '2333', NULL, '2020-11-04 15:08:02', '2020-11-04 15:08:02'),
(103, 'test', 500000.00000, '500000', NULL, '2020-11-18 20:48:14', '2020-11-18 20:48:14'),
(104, 'a', 500000000.00000, '500000000', NULL, '2020-11-19 13:35:58', '2020-11-19 13:35:58'),
(105, 'at', 6000000000.00000, '6000000000', NULL, '2020-11-19 13:36:18', '2020-11-19 13:36:18');

-- --------------------------------------------------------

--
-- Table structure for table `attributes`
--

CREATE TABLE `attributes` (
  `id` bigint(20) UNSIGNED NOT NULL,
  `name` varchar(191) COLLATE utf8mb4_unicode_ci NOT NULL,
  `type` varchar(191) COLLATE utf8mb4_unicode_ci NOT NULL,
  `belongsTo_type` varchar(191) COLLATE utf8mb4_unicode_ci NOT NULL,
  `deleted_at` timestamp NULL DEFAULT NULL,
  `created_at` timestamp NOT NULL DEFAULT CURRENT_TIMESTAMP,
  `updated_at` timestamp NOT NULL DEFAULT CURRENT_TIMESTAMP ON UPDATE CURRENT_TIMESTAMP
) ENGINE=MyISAM DEFAULT CHARSET=utf8mb4 COLLATE=utf8mb4_unicode_ci;

--
-- Dumping data for table `attributes`
--

INSERT INTO `attributes` (`id`, `name`, `type`, `belongsTo_type`, `deleted_at`, `created_at`, `updated_at`) VALUES
(1, 'خليل الجهني', '1', 'test', '2020-11-04 13:09:11', '2020-11-03 15:02:29', '2020-11-04 13:09:11'),
(2, 'صهيب سقا', '1', 'test', '2020-11-04 13:09:13', '2020-11-03 15:02:29', '2020-11-04 13:09:13'),
(3, 'السيدة غزل المشيقح', '2', 'test', '2020-11-04 13:09:15', '2020-11-03 15:02:29', '2020-11-04 13:09:15'),
(4, 'سمر الحصين', '1', 'test', '2020-11-04 13:09:16', '2020-11-03 15:02:29', '2020-11-04 13:09:16'),
(5, 'رناد السويلم', '1', 'test', '2020-11-04 13:09:20', '2020-11-03 15:02:29', '2020-11-04 13:09:20'),
(6, 'عميد سقا', '2', 'test', '2020-11-04 13:09:23', '2020-11-03 15:02:29', '2020-11-04 13:09:23'),
(7, 'إيناس ربيع العنزي', '2', 'test', '2020-11-04 13:09:25', '2020-11-03 15:02:29', '2020-11-04 13:09:25'),
(8, 'الآنسة ريمان العنزي', '1', 'test', '2020-11-04 13:09:27', '2020-11-03 15:02:29', '2020-11-04 13:09:27'),
(9, 'حاتم السليم', '0', 'test', '2020-11-04 13:09:29', '2020-11-03 15:02:29', '2020-11-04 13:09:29'),
(10, 'سوزان مصطفى عبداللطيف العقل', '2', 'test', '2020-11-04 13:09:31', '2020-11-03 15:02:29', '2020-11-04 13:09:31'),
(11, 'إبراهيم الصقير', '1', 'test', '2020-11-04 13:09:33', '2020-11-03 15:02:29', '2020-11-04 13:09:33'),
(12, 'خميس الحسين', '1', 'test', '2020-11-04 13:09:35', '2020-11-03 15:02:29', '2020-11-04 13:09:35'),
(13, 'أحمد اشرف برماوي', '1', 'test', '2020-11-04 13:11:48', '2020-11-03 15:02:29', '2020-11-04 13:11:48'),
(14, 'السيدة ميسم الحنتوشي', '2', 'test', '2020-11-04 13:11:51', '2020-11-03 15:02:29', '2020-11-04 13:11:51'),
(15, 'عبد الناصر صفاء خميس العمرو', '2', 'test', '2020-11-04 13:12:13', '2020-11-03 15:02:29', '2020-11-04 13:12:13'),
(16, 'نور الهدى عبد الفتاح جلال جواهرجي', '2', 'test', '2020-11-04 13:12:15', '2020-11-03 15:02:29', '2020-11-04 13:12:15'),
(17, 'هاشم الأحمري', '0', 'test', '2020-11-04 13:12:17', '2020-11-03 15:02:29', '2020-11-04 13:12:17'),
(18, 'المهندسة زينب الحسين', '2', 'test', '2020-11-04 13:12:19', '2020-11-03 15:02:29', '2020-11-04 13:12:19'),
(19, 'قمر السهلي', '0', 'test', '2020-11-04 13:12:21', '2020-11-03 15:02:29', '2020-11-04 13:12:21'),
(20, 'فرح الياس حمدان الصامل', '0', 'test', '2020-11-04 13:12:24', '2020-11-03 15:02:29', '2020-11-04 13:12:24'),
(21, 'مجدولين الفريدي', '0', 'test', '2020-11-04 13:12:28', '2020-11-03 15:02:29', '2020-11-04 13:12:28'),
(22, 'المهندسة نعمت السليم', '0', 'test', '2020-11-04 13:12:29', '2020-11-03 15:02:29', '2020-11-04 13:12:29'),
(23, 'ساجدة مكي', '1', 'test', '2020-11-04 13:12:32', '2020-11-03 15:02:29', '2020-11-04 13:12:32'),
(24, 'حبيب الجهني', '0', 'test', '2020-11-04 13:12:34', '2020-11-03 15:02:29', '2020-11-04 13:12:34'),
(25, 'دارين القحطاني', '1', 'test', '2020-11-04 13:12:37', '2020-11-03 15:02:29', '2020-11-04 13:12:37'),
(26, 'نبراس نزال الياس السويلم', '0', 'test', '2020-11-04 13:12:38', '2020-11-03 15:02:29', '2020-11-04 13:12:38'),
(27, 'فرح الحميد', '0', 'test', '2020-11-04 13:12:40', '2020-11-03 15:02:29', '2020-11-04 13:12:40'),
(28, 'عبد الرحمن العنزي', '0', 'test', '2020-11-04 13:12:42', '2020-11-03 15:02:29', '2020-11-04 13:12:42'),
(29, 'يعقوب هوساوي', '1', 'test', '2020-11-04 13:12:43', '2020-11-03 15:02:29', '2020-11-04 13:12:43'),
(30, 'السيدة أفراح السالم', '0', 'test', '2020-11-04 13:12:46', '2020-11-03 15:02:29', '2020-11-04 13:12:46'),
(31, 'وسن العسكر', '2', 'test', '2020-11-04 13:12:51', '2020-11-03 15:02:29', '2020-11-04 13:12:51'),
(32, 'المهندسة ابتهاج الصقير', '2', 'test', '2020-11-04 13:12:53', '2020-11-03 15:02:29', '2020-11-04 13:12:53'),
(33, 'هيفا الشيباني', '0', 'test', '2020-11-04 13:12:56', '2020-11-03 15:02:29', '2020-11-04 13:12:56'),
(34, 'سلسبيل سقا', '1', 'test', '2020-11-04 13:12:57', '2020-11-03 15:02:29', '2020-11-04 13:12:57'),
(35, 'هزار قتيبة ضياء المطرفي', '2', 'test', '2020-11-04 13:12:59', '2020-11-03 15:02:29', '2020-11-04 13:12:59'),
(36, 'عقل عايد وجيه الفيفي', '1', 'test', '2020-11-04 13:13:01', '2020-11-03 15:02:29', '2020-11-04 13:13:01'),
(37, 'إخلاص كايد الداوود', '0', 'test', '2020-11-04 13:13:04', '2020-11-03 15:02:29', '2020-11-04 13:13:04'),
(38, 'برهان الفرحان', '0', 'test', '2020-11-04 13:13:06', '2020-11-03 15:02:29', '2020-11-04 13:13:06'),
(39, 'الآنسة بيداء العرفج', '0', 'test', '2020-11-04 13:13:08', '2020-11-03 15:02:29', '2020-11-04 13:13:08'),
(40, 'روان الزامل', '0', 'test', '2020-11-04 13:13:10', '2020-11-03 15:02:29', '2020-11-04 13:13:10'),
(41, 'ركان مامون اياس القحطاني', '1', 'test', '2020-11-04 13:13:13', '2020-11-03 15:02:29', '2020-11-04 13:13:13'),
(42, 'دينا السليم', '1', 'test', '2020-11-04 13:13:15', '2020-11-03 15:02:29', '2020-11-04 13:13:15'),
(43, 'نجود الماجد', '0', 'test', '2020-11-04 13:13:17', '2020-11-03 15:02:29', '2020-11-04 13:13:17'),
(44, 'لورينا العتيبي', '1', 'test', '2020-11-04 13:13:21', '2020-11-03 15:02:29', '2020-11-04 13:13:21'),
(45, 'الآنسة إلهام المشيقح', '1', 'test', '2020-11-04 13:13:51', '2020-11-03 15:02:29', '2020-11-04 13:13:51'),
(46, 'آدم ليث عبدالمهيمن الخضيري', '2', 'test', '2020-11-04 13:13:56', '2020-11-03 15:02:29', '2020-11-04 13:13:56'),
(47, 'رهف الزامل', '1', 'test', '2020-11-04 13:13:58', '2020-11-03 15:02:29', '2020-11-04 13:13:58'),
(48, 'أمنة عيدالله الفيفي', '1', 'test', '2020-11-04 13:14:00', '2020-11-03 15:02:29', '2020-11-04 13:14:00'),
(49, 'ميناس الراجحي', '1', 'test', '2020-11-04 13:14:02', '2020-11-03 15:02:29', '2020-11-04 13:14:02'),
(50, 'سامي معتصم السيف', '2', 'test', '2020-11-04 13:14:03', '2020-11-03 15:02:29', '2020-11-04 13:14:03'),
(51, 'عبدالرحمن الشيباني', '2', 'test', '2020-11-04 13:14:06', '2020-11-03 15:02:29', '2020-11-04 13:14:06'),
(52, 'السيدة تحرير السويلم', '0', 'test', '2020-11-04 13:14:08', '2020-11-03 15:02:29', '2020-11-04 13:14:08'),
(53, 'فريال الفرحان', '2', 'test', '2020-11-04 13:14:11', '2020-11-03 15:02:29', '2020-11-04 13:14:11'),
(54, 'ميسون العمرو', '1', 'test', '2020-11-04 13:14:14', '2020-11-03 15:02:29', '2020-11-04 13:14:14'),
(55, 'أحلام عدلي الشهري', '0', 'test', '2020-11-04 13:14:17', '2020-11-03 15:02:29', '2020-11-04 13:14:17'),
(56, 'فيفيان المطرفي', '1', 'test', '2020-11-04 13:14:19', '2020-11-03 15:02:29', '2020-11-04 13:14:19'),
(57, 'ميس الحصين', '0', 'test', '2020-11-04 13:14:21', '2020-11-03 15:02:29', '2020-11-04 13:14:21'),
(58, 'غنى العسكر', '0', 'test', '2020-11-04 13:14:23', '2020-11-03 15:02:29', '2020-11-04 13:14:23'),
(59, 'رئاد مالك الفريدي', '2', 'test', '2020-11-04 13:14:25', '2020-11-03 15:02:29', '2020-11-04 13:14:25'),
(60, 'سعاد الفيفي', '0', 'test', '2020-11-04 13:14:27', '2020-11-03 15:02:29', '2020-11-04 13:14:27'),
(61, 'الدكتورة حنين مكي', '0', 'test', '2020-11-04 13:14:30', '2020-11-03 15:02:29', '2020-11-04 13:14:30'),
(62, 'زمان نهاد إلياس الشهيل', '1', 'test', '2020-11-04 13:14:32', '2020-11-03 15:02:29', '2020-11-04 13:14:32'),
(63, 'مراد عبد الحكيم الصامل', '0', 'test', '2020-11-04 13:14:35', '2020-11-03 15:02:29', '2020-11-04 13:14:35'),
(64, 'اليمان السهلي', '2', 'test', '2020-11-04 13:14:37', '2020-11-03 15:02:29', '2020-11-04 13:14:37'),
(65, 'سنن الصقير', '1', 'test', '2020-11-04 13:14:40', '2020-11-03 15:02:29', '2020-11-04 13:14:40'),
(66, 'اسلام نهار السويلم', '0', 'test', '2020-11-04 13:14:42', '2020-11-03 15:02:29', '2020-11-04 13:14:42'),
(67, 'الحسين سالم ينال السالم', '1', 'test', '2020-11-04 13:14:43', '2020-11-03 15:02:29', '2020-11-04 13:14:43'),
(68, 'تقى العتيبي', '0', 'test', '2020-11-04 13:14:45', '2020-11-03 15:02:29', '2020-11-04 13:14:45'),
(69, 'المهندسة تسنيم السمير', '2', 'test', '2020-11-04 13:14:47', '2020-11-03 15:02:29', '2020-11-04 13:14:47'),
(70, 'سناء العنزي', '1', 'test', '2020-11-04 13:14:49', '2020-11-03 15:02:29', '2020-11-04 13:14:49'),
(71, 'رافت سقا', '0', 'test', '2020-11-04 13:14:51', '2020-11-03 15:02:29', '2020-11-04 13:14:51'),
(72, 'الآنسة سلوى برماوي', '2', 'test', '2020-11-04 13:14:53', '2020-11-03 15:02:29', '2020-11-04 13:14:53'),
(73, 'الدكتورة سميرة الراجحي', '2', 'test', '2020-11-04 13:14:57', '2020-11-03 15:02:29', '2020-11-04 13:14:57'),
(74, 'السيدة رناد الجريد', '1', 'test', '2020-11-04 13:15:09', '2020-11-03 15:02:29', '2020-11-04 13:15:09'),
(75, 'الدكتورة جميلة السمير', '2', 'test', '2020-11-04 13:15:11', '2020-11-03 15:02:29', '2020-11-04 13:15:11'),
(76, 'سنريت العنزي', '0', 'test', '2020-11-04 13:58:44', '2020-11-03 15:02:29', '2020-11-04 13:58:44'),
(77, 'الآنسة رنيم الخالدي', '0', 'test', '2020-11-04 13:58:53', '2020-11-03 15:02:29', '2020-11-04 13:58:53'),
(78, 'الآنسة لورينا سقا', '1', 'test', '2020-11-04 13:58:56', '2020-11-03 15:02:29', '2020-11-04 13:58:56'),
(79, 'إيمان السليم', '1', 'test', '2020-11-04 13:58:57', '2020-11-03 15:02:29', '2020-11-04 13:58:57'),
(80, 'الدكتورة جهاد العرفج', '2', 'test', '2020-11-04 13:58:59', '2020-11-03 15:02:29', '2020-11-04 13:58:59'),
(81, 'الدكتورة أمل الماجد', '1', 'test', '2020-11-04 13:59:02', '2020-11-03 15:02:29', '2020-11-04 13:59:02'),
(82, 'أسيل مدني', '1', 'test', '2020-11-04 13:59:03', '2020-11-03 15:02:29', '2020-11-04 13:59:03'),
(83, 'ضرغام توفيق مؤيد الصقيه', '2', 'test', '2020-11-04 13:59:05', '2020-11-03 15:02:29', '2020-11-04 13:59:05'),
(84, 'رزان المثنى عبدالكريم الفيفي', '0', 'test', '2020-11-04 13:59:08', '2020-11-03 15:02:29', '2020-11-04 13:59:08'),
(85, 'نزال سالم شاهر مدني', '0', 'test', '2020-11-04 13:59:09', '2020-11-03 15:02:29', '2020-11-04 13:59:09'),
(86, 'اياس الجهني', '0', 'test', '2020-11-04 14:00:58', '2020-11-03 15:02:29', '2020-11-04 14:00:58'),
(87, 'عبد الحافظ السهلي', '0', 'test', '2020-11-04 14:01:00', '2020-11-03 15:02:29', '2020-11-04 14:01:00'),
(88, 'آية السهلي', '0', 'test', '2020-11-04 14:01:03', '2020-11-03 15:02:29', '2020-11-04 14:01:03'),
(89, 'الدكتورة تقوى الجهني', '1', 'test', '2020-11-04 14:01:05', '2020-11-03 15:02:29', '2020-11-04 14:01:05'),
(90, 'المهندسة منال الحنتوشي', '0', 'test', '2020-11-04 14:01:07', '2020-11-03 15:02:29', '2020-11-04 14:01:07'),
(91, 'شوان فاروق السالم', '2', 'test', '2020-11-04 14:01:09', '2020-11-03 15:02:29', '2020-11-04 14:01:09'),
(92, 'مصطفى الأسمري', '0', 'test', '2020-11-04 14:01:10', '2020-11-03 15:02:29', '2020-11-04 14:01:10'),
(93, 'أميرة العسكر', '1', 'test', '2020-11-04 14:01:12', '2020-11-03 15:02:29', '2020-11-04 14:01:12'),
(94, 'نزال المقبل', '0', 'test', '2020-11-04 14:01:13', '2020-11-03 15:02:29', '2020-11-04 14:01:13'),
(95, 'مطيع العسكر', '0', 'test', '2020-11-04 14:01:15', '2020-11-03 15:02:29', '2020-11-04 14:01:15'),
(96, 'الآنسة ولاء السعيد', '2', 'test', '2020-11-04 14:01:16', '2020-11-03 15:02:29', '2020-11-04 14:01:16'),
(97, 'المهندسة بيداء السويلم', '2', 'test', '2020-11-04 14:01:19', '2020-11-03 15:02:29', '2020-11-04 14:01:19'),
(98, 'نائله رافت السيف', '1', 'test', '2020-11-04 14:01:24', '2020-11-03 15:02:29', '2020-11-04 14:01:24'),
(99, 'مناف نضال مامون المقبل', '2', 'test', '2020-11-04 14:01:26', '2020-11-03 15:02:29', '2020-11-04 14:01:26'),
(100, 'أبرار الحنتوشي', '2', 'test', '2020-11-04 14:01:28', '2020-11-03 15:02:29', '2020-11-04 14:01:28');

-- --------------------------------------------------------

--
-- Table structure for table `attribute_values`
--

CREATE TABLE `attribute_values` (
  `id` bigint(20) UNSIGNED NOT NULL,
  `attribute_id` bigint(20) UNSIGNED NOT NULL,
  `value` varchar(191) COLLATE utf8mb4_unicode_ci NOT NULL,
  `deleted_at` timestamp NULL DEFAULT NULL,
  `created_at` timestamp NOT NULL DEFAULT CURRENT_TIMESTAMP,
  `updated_at` timestamp NOT NULL DEFAULT CURRENT_TIMESTAMP ON UPDATE CURRENT_TIMESTAMP
) ENGINE=MyISAM DEFAULT CHARSET=utf8mb4 COLLATE=utf8mb4_unicode_ci;

-- --------------------------------------------------------

--
-- Table structure for table `cart`
--

CREATE TABLE `cart` (
  `id` bigint(20) UNSIGNED NOT NULL,
  `user_id` bigint(20) UNSIGNED NOT NULL,
  `item_id` bigint(20) UNSIGNED DEFAULT NULL,
  `type` varchar(191) COLLATE utf8mb4_unicode_ci DEFAULT NULL,
  `quantity` bigint(20) UNSIGNED DEFAULT NULL,
  `price` decimal(8,2) DEFAULT NULL,
  `status` tinyint(4) DEFAULT '0',
  `deleted_at` timestamp NULL DEFAULT NULL,
  `created_at` timestamp NOT NULL DEFAULT CURRENT_TIMESTAMP,
  `updated_at` timestamp NOT NULL DEFAULT CURRENT_TIMESTAMP ON UPDATE CURRENT_TIMESTAMP
) ENGINE=MyISAM DEFAULT CHARSET=utf8mb4 COLLATE=utf8mb4_unicode_ci;

--
-- Dumping data for table `cart`
--

INSERT INTO `cart` (`id`, `user_id`, `item_id`, `type`, `quantity`, `price`, `status`, `deleted_at`, `created_at`, `updated_at`) VALUES
(1, 2, 114, 'sadakat', 2, NULL, 0, '2020-11-30 12:17:56', '2020-11-29 14:31:10', '2020-11-30 12:17:56'),
(2, 2, 113, 'sadakat', 1, NULL, 0, '2020-11-29 14:37:49', '2020-11-29 14:37:31', '2020-11-29 14:37:49'),
(3, 2, 102, 'ashom', 1, NULL, 0, '2020-11-30 12:17:57', '2020-11-29 14:39:20', '2020-11-30 12:17:57'),
(4, 2, NULL, 'zakah', 1, 50.00, 0, '2020-11-30 12:17:57', '2020-11-29 14:39:28', '2020-11-30 12:17:57'),
(5, 2, 114, 'sadakat', 1, NULL, 1, '2020-11-30 12:18:29', '2020-11-30 12:18:00', '2020-11-30 12:18:29'),
(6, 2, NULL, 'zakah', 1, 50.00, 1, '2020-11-30 12:18:29', '2020-11-30 12:18:07', '2020-11-30 12:18:29'),
(7, 2, 102, 'ashom', 1, NULL, 1, '2020-11-30 12:18:29', '2020-11-30 12:18:10', '2020-11-30 12:18:29'),
(8, 27, 114, 'sadakat', 3, NULL, 0, '2020-12-02 09:43:20', '2020-12-02 09:41:14', '2020-12-02 09:43:20'),
(9, 27, 115, 'sadakat', 3, NULL, 0, '2020-12-02 09:43:19', '2020-12-02 09:41:16', '2020-12-02 09:43:19'),
(10, 27, NULL, 'zakah', 1, 5.00, 0, '2020-12-02 09:43:23', '2020-12-02 09:43:11', '2020-12-02 09:43:23'),
(11, 27, 105, 'ashom', 1, NULL, 0, '2020-12-02 09:43:46', '2020-12-02 09:43:38', '2020-12-02 09:43:46'),
(12, 27, 102, 'ashom', 4, NULL, 0, '2020-12-02 09:43:57', '2020-12-02 09:43:50', '2020-12-02 09:43:57'),
(13, 27, 101, 'ashom', 1, NULL, 0, '2020-12-02 09:44:05', '2020-12-02 09:44:00', '2020-12-02 09:44:05'),
(14, 27, 114, 'sadakat', 2, NULL, 0, '2020-12-02 09:44:27', '2020-12-02 09:44:08', '2020-12-02 09:44:27'),
(15, 27, 115, 'sadakat', 2, NULL, 0, '2020-12-02 09:44:28', '2020-12-02 09:44:10', '2020-12-02 09:44:28'),
(16, 27, NULL, 'zakah', 1, 2.00, 0, '2020-12-02 09:44:29', '2020-12-02 09:44:17', '2020-12-02 09:44:29'),
(17, 27, 114, 'sadakat', 1, NULL, 0, '2020-12-02 09:44:40', '2020-12-02 09:44:31', '2020-12-02 09:44:40'),
(18, 27, 114, 'sadakat', 1, NULL, 1, '2020-12-02 09:45:40', '2020-12-02 09:45:29', '2020-12-02 09:45:40'),
(19, 2, 114, 'sadakat', 1, NULL, 1, '2020-12-02 12:24:52', '2020-12-02 12:20:42', '2020-12-02 12:24:52'),
(20, 2, 114, 'sadakat', 1, NULL, 1, '2020-12-02 12:28:34', '2020-12-02 12:25:25', '2020-12-02 12:28:34'),
(21, 38, 114, 'sadakat', 1, NULL, 0, NULL, '2020-12-03 12:55:51', '2020-12-03 12:55:51'),
(22, 38, 115, 'sadakat', 1, NULL, 0, NULL, '2020-12-03 12:55:52', '2020-12-03 12:55:52'),
(23, 38, NULL, 'zakah', 1, 1.00, 0, NULL, '2020-12-03 12:55:55', '2020-12-03 12:55:55'),
(24, 38, 102, 'ashom', 1, NULL, 0, NULL, '2020-12-03 12:55:58', '2020-12-03 12:55:58'),
(25, 40, 114, 'sadakat', 1, NULL, 1, '2020-12-06 16:59:57', '2020-12-06 16:59:21', '2020-12-06 16:59:57'),
(26, 40, 115, 'sadakat', 2, NULL, 1, '2020-12-06 17:02:17', '2020-12-06 17:00:54', '2020-12-06 17:02:17'),
(27, 40, 114, 'sadakat', 1, NULL, 1, '2020-12-07 09:31:36', '2020-12-07 08:55:56', '2020-12-07 09:31:36'),
(28, 2, 114, 'sadakat', 1, NULL, 1, '2020-12-07 10:44:28', '2020-12-07 10:44:04', '2020-12-07 10:44:28'),
(29, 2, 114, 'sadakat', 1, NULL, 1, '2020-12-07 11:01:38', '2020-12-07 11:01:27', '2020-12-07 11:01:38'),
(30, 40, 1, 'ashom', 2, NULL, 1, '2020-12-16 11:45:31', '2020-12-16 11:44:45', '2020-12-16 11:45:31'),
(31, 40, 101, 'ashom', 1, NULL, 1, '2020-12-16 11:45:31', '2020-12-16 11:44:49', '2020-12-16 11:45:31'),
(32, 40, 102, 'ashom', 1, NULL, 1, '2020-12-16 11:45:31', '2020-12-16 11:44:55', '2020-12-16 11:45:31'),
(33, 40, NULL, 'zakah', 1, 5.00, 0, '2020-12-16 11:46:21', '2020-12-16 11:45:47', '2020-12-16 11:46:21'),
(34, 40, 115, 'sadakat', 1, NULL, 0, '2020-12-16 11:46:23', '2020-12-16 11:45:56', '2020-12-16 11:46:23'),
(35, 40, 114, 'sadakat', 1, NULL, 0, '2020-12-16 11:46:16', '2020-12-16 11:46:03', '2020-12-16 11:46:16'),
(36, 40, 104, 'ashom', 24, NULL, 1, '2020-12-16 11:57:12', '2020-12-16 11:47:13', '2020-12-16 11:57:12'),
(37, 15, 102, 'ashom', 24, NULL, 1, '2020-12-16 11:50:02', '2020-12-16 11:49:39', '2020-12-16 11:50:02');

-- --------------------------------------------------------

--
-- Table structure for table `cities`
--

CREATE TABLE `cities` (
  `id` bigint(20) UNSIGNED NOT NULL,
  `name` varchar(191) COLLATE utf8mb4_unicode_ci NOT NULL,
  `deleted_at` timestamp NULL DEFAULT NULL,
  `created_at` timestamp NOT NULL DEFAULT CURRENT_TIMESTAMP,
  `updated_at` timestamp NOT NULL DEFAULT CURRENT_TIMESTAMP ON UPDATE CURRENT_TIMESTAMP
) ENGINE=MyISAM DEFAULT CHARSET=utf8mb4 COLLATE=utf8mb4_unicode_ci;

--
-- Dumping data for table `cities`
--

INSERT INTO `cities` (`id`, `name`, `deleted_at`, `created_at`, `updated_at`) VALUES
(1, 'القاهرة', '2020-11-04 14:09:16', '2020-11-03 14:06:31', '2020-11-04 14:09:16'),
(2, 'ربى فايز الخالدي', '2020-11-04 14:02:44', '2020-11-03 15:02:30', '2020-11-04 14:02:44'),
(3, 'رند الجهني', '2020-11-04 14:08:29', '2020-11-03 15:02:30', '2020-11-04 14:08:29'),
(4, 'عليان مرهف جابر السعيد', '2020-11-04 14:08:44', '2020-11-03 15:02:30', '2020-11-04 14:08:44'),
(5, 'معتز حسين السماري', '2020-11-04 14:08:46', '2020-11-03 15:02:30', '2020-11-04 14:08:46'),
(6, 'قتاده جواهرجي', '2020-11-04 14:08:48', '2020-11-03 15:02:30', '2020-11-04 14:08:48'),
(7, 'احسان ماهر عاصم الخالدي', '2020-11-04 14:08:50', '2020-11-03 15:02:30', '2020-11-04 14:08:50'),
(8, 'رغد عز الدين جواهرجي', '2020-11-04 14:08:54', '2020-11-03 15:02:30', '2020-11-04 14:08:54'),
(9, 'نهى الفدا', '2020-11-04 14:08:57', '2020-11-03 15:02:30', '2020-11-04 14:08:57'),
(10, 'محي الصقير', '2020-11-04 14:08:27', '2020-11-03 15:02:30', '2020-11-04 14:08:27'),
(11, 'عبدالرؤوف برماوي', '2020-11-04 14:08:20', '2020-11-03 15:02:30', '2020-11-04 14:08:20'),
(12, 'المثنى رضوان مصباح الصامل', '2020-11-04 14:08:16', '2020-11-03 15:02:30', '2020-11-04 14:08:16'),
(13, 'عوده الأحمري', '2020-11-04 14:08:13', '2020-11-03 15:02:30', '2020-11-04 14:08:13'),
(14, 'نيفين الفدا', '2020-11-04 14:08:09', '2020-11-03 15:02:30', '2020-11-04 14:08:09'),
(15, 'بدور السمير', '2020-11-04 14:08:06', '2020-11-03 15:02:30', '2020-11-04 14:08:06'),
(16, 'مصعب القحطاني', '2020-11-04 14:08:00', '2020-11-03 15:02:30', '2020-11-04 14:08:00'),
(17, 'السيدة تمام باشا', '2020-11-04 14:07:56', '2020-11-03 15:02:30', '2020-11-04 14:07:56'),
(18, 'سارة المنيف', '2020-11-04 14:07:54', '2020-11-03 15:02:30', '2020-11-04 14:07:54'),
(19, 'وائل الحصين', '2020-11-04 14:07:58', '2020-11-03 15:02:30', '2020-11-04 14:07:58'),
(20, 'فلاح مسلم قتاده السماعيل', '2020-11-04 14:08:03', '2020-11-03 15:02:30', '2020-11-04 14:08:03'),
(21, 'خليفة الجريد', '2020-11-04 14:08:07', '2020-11-03 15:02:30', '2020-11-04 14:08:07'),
(22, 'منى سقا', '2020-11-04 14:08:11', '2020-11-03 15:02:30', '2020-11-04 14:08:11'),
(23, 'هالة السعيد', '2020-11-04 14:08:15', '2020-11-03 15:02:30', '2020-11-04 14:08:15'),
(24, 'أمنة مراد نبراس السعيد', '2020-11-04 14:08:18', '2020-11-03 15:02:30', '2020-11-04 14:08:18'),
(25, 'هديل المطرفي', '2020-11-04 14:08:24', '2020-11-03 15:02:30', '2020-11-04 14:08:24'),
(26, 'إسراء عبدالله اليمان مدني', '2020-11-04 14:08:59', '2020-11-03 15:02:30', '2020-11-04 14:08:59'),
(27, 'ألاء الصقير', '2020-11-04 14:07:52', '2020-11-03 15:02:30', '2020-11-04 14:07:52'),
(28, 'المهندسة ندى الحنتوشي', '2020-11-04 14:07:42', '2020-11-03 15:02:30', '2020-11-04 14:07:42'),
(29, 'يشار نزال الأحمري', '2020-11-04 14:07:39', '2020-11-03 15:02:30', '2020-11-04 14:07:39'),
(30, 'زين العتيبي', '2020-11-04 14:07:38', '2020-11-03 15:02:30', '2020-11-04 14:07:38'),
(31, 'نوفان المثنى البشر هوساوي', '2020-11-04 14:07:32', '2020-11-03 15:02:30', '2020-11-04 14:07:32'),
(32, 'نضال الفيفي', '2020-11-04 14:07:30', '2020-11-03 15:02:30', '2020-11-04 14:07:30'),
(33, 'السيدة حنان الفريدي', '2020-11-04 14:07:27', '2020-11-03 15:02:30', '2020-11-04 14:07:27'),
(34, 'أماني اشراف المطرفي', '2020-11-04 14:07:23', '2020-11-03 15:02:30', '2020-11-04 14:07:23'),
(35, 'داليا الصقير', '2020-11-04 14:07:21', '2020-11-03 15:02:30', '2020-11-04 14:07:21'),
(36, 'مضر توفيق مكي', '2020-11-04 14:07:19', '2020-11-03 15:02:30', '2020-11-04 14:07:19'),
(37, 'ضياء الحسين', '2020-11-04 14:06:18', '2020-11-03 15:02:30', '2020-11-04 14:06:18'),
(38, 'بيسان الفدا', '2020-11-04 14:06:16', '2020-11-03 15:02:30', '2020-11-04 14:06:16'),
(39, 'لين الحميد', '2020-11-04 14:06:14', '2020-11-03 15:02:30', '2020-11-04 14:06:14'),
(40, 'يسار واصف السويلم', '2020-11-04 14:06:10', '2020-11-03 15:02:30', '2020-11-04 14:06:10'),
(41, 'ضرار مؤثر منح العسكر', '2020-11-04 14:06:08', '2020-11-03 15:02:30', '2020-11-04 14:06:08'),
(42, 'الآنسة ميران المطرفي', '2020-11-04 14:05:39', '2020-11-03 15:02:30', '2020-11-04 14:05:39'),
(43, 'رهام المنصور جلال الحميد', '2020-11-04 14:05:18', '2020-11-03 15:02:30', '2020-11-04 14:05:18'),
(44, 'ابراهيم القحطاني', '2020-11-04 14:05:16', '2020-11-03 15:02:30', '2020-11-04 14:05:16'),
(45, 'زهرة زين جميل المقبل', '2020-11-04 14:05:14', '2020-11-03 15:02:30', '2020-11-04 14:05:14'),
(46, 'كرم باشا', '2020-11-04 14:05:11', '2020-11-03 15:02:30', '2020-11-04 14:05:11'),
(47, 'حياة سامي حكم العمرو', '2020-11-04 14:05:07', '2020-11-03 15:02:30', '2020-11-04 14:05:07'),
(48, 'باهر فواز جواهرجي', '2020-11-04 14:05:04', '2020-11-03 15:02:30', '2020-11-04 14:05:04'),
(49, 'غزل رافت الجريد', '2020-11-04 14:05:02', '2020-11-03 15:02:30', '2020-11-04 14:05:02'),
(50, 'سوسن عبد العزيز هوساوي', '2020-11-04 14:04:59', '2020-11-03 15:02:30', '2020-11-04 14:04:59'),
(51, 'ناهض نزال عمرو الحسين', '2020-11-04 14:04:52', '2020-11-03 15:02:30', '2020-11-04 14:04:52'),
(52, 'عوده الفريدي', '2020-11-04 14:03:26', '2020-11-03 15:02:30', '2020-11-04 14:03:26'),
(53, 'فاديه هارون العمرو', '2020-11-04 14:03:21', '2020-11-03 15:02:30', '2020-11-04 14:03:21'),
(54, 'مها الأسمري', '2020-11-04 14:03:19', '2020-11-03 15:02:30', '2020-11-04 14:03:19'),
(55, 'زينات العمرو', '2020-11-04 14:03:17', '2020-11-03 15:02:30', '2020-11-04 14:03:17'),
(56, 'عبدالكريم برماوي', '2020-11-04 14:03:14', '2020-11-03 15:02:30', '2020-11-04 14:03:14'),
(57, 'ينال ايهم شادي العتيبي', '2020-11-04 14:03:08', '2020-11-03 15:02:30', '2020-11-04 14:03:08'),
(58, 'السيدة رانا السالم', '2020-11-04 14:03:03', '2020-11-03 15:02:30', '2020-11-04 14:03:03'),
(59, 'رهام عصام شريف الفريدي', '2020-11-04 14:03:02', '2020-11-03 15:02:30', '2020-11-04 14:03:02'),
(60, 'باسمة مجد السالم', '2020-11-04 14:03:00', '2020-11-03 15:02:30', '2020-11-04 14:03:00'),
(61, 'هيا العتيبي', '2020-11-04 14:02:56', '2020-11-03 15:02:30', '2020-11-04 14:02:56'),
(62, 'زهرة الشهري', '2020-11-04 14:02:53', '2020-11-03 15:02:30', '2020-11-04 14:02:53'),
(63, 'عبير الفيفي', '2020-11-04 14:02:49', '2020-11-03 15:02:30', '2020-11-04 14:02:49'),
(64, 'لبنا محسن داوود الفريدي', '2020-11-04 14:02:46', '2020-11-03 15:02:30', '2020-11-04 14:02:46'),
(65, 'ميادة سدير فاضل العسكر', '2020-11-04 14:02:51', '2020-11-03 15:02:30', '2020-11-04 14:02:51'),
(66, 'شفاء رياض سميح الحسين', '2020-11-04 14:02:55', '2020-11-03 15:02:30', '2020-11-04 14:02:55'),
(67, 'كيان نزيه الحسين', '2020-11-04 14:02:58', '2020-11-03 15:02:30', '2020-11-04 14:02:58'),
(68, 'السيدة نيروز الصامل', '2020-11-04 14:03:05', '2020-11-03 15:02:30', '2020-11-04 14:03:05'),
(69, 'المهندسة عالية العمرو', '2020-11-04 14:03:10', '2020-11-03 15:02:30', '2020-11-04 14:03:10'),
(70, 'سمر الفدا', '2020-11-04 14:03:15', '2020-11-03 15:02:30', '2020-11-04 14:03:15'),
(71, 'نجلاء القحطاني', '2020-11-04 14:03:23', '2020-11-03 15:02:30', '2020-11-04 14:03:23'),
(72, 'تالة باشا', '2020-11-04 14:03:28', '2020-11-03 15:02:30', '2020-11-04 14:03:28'),
(73, 'نور الهدى فرح صالح الحنتوشي', '2020-11-04 14:04:57', '2020-11-03 15:02:30', '2020-11-04 14:04:57'),
(74, 'اكرم الفيفي', '2020-11-04 14:05:06', '2020-11-03 15:02:30', '2020-11-04 14:05:06'),
(75, 'عمار السمير', '2020-11-04 14:05:09', '2020-11-03 15:02:30', '2020-11-04 14:05:09'),
(76, 'صدام الصامل', '2020-11-04 14:05:13', '2020-11-03 15:02:30', '2020-11-04 14:05:13'),
(77, 'السيدة تقوى الصامل', '2020-11-04 14:05:37', '2020-11-03 15:02:30', '2020-11-04 14:05:37'),
(78, 'هبة الخضيري', '2020-11-04 14:06:05', '2020-11-03 15:02:30', '2020-11-04 14:06:05'),
(79, 'عمرو العسكر', '2020-11-04 14:06:02', '2020-11-03 15:02:30', '2020-11-04 14:06:02'),
(80, 'ملاك الفدا', '2020-11-04 14:06:00', '2020-11-03 15:02:30', '2020-11-04 14:06:00'),
(81, 'لنا برماوي', '2020-11-04 14:05:58', '2020-11-03 15:02:30', '2020-11-04 14:05:58'),
(82, 'ديانا الشهيل', '2020-11-04 14:05:54', '2020-11-03 15:02:30', '2020-11-04 14:05:54'),
(83, 'معتز فهمي رضا المقبل', '2020-11-04 14:05:52', '2020-11-03 15:02:30', '2020-11-04 14:05:52'),
(84, 'بشار الشيباني', '2020-11-04 14:05:48', '2020-11-03 15:02:30', '2020-11-04 14:05:48'),
(85, 'هزار هوساوي', '2020-11-04 14:05:43', '2020-11-03 15:02:30', '2020-11-04 14:05:43'),
(86, 'معين امين مرهف الماجد', '2020-11-04 14:05:41', '2020-11-03 15:02:30', '2020-11-04 14:05:41'),
(87, 'سنابل الحميد', '2020-11-04 14:05:46', '2020-11-03 15:02:30', '2020-11-04 14:05:46'),
(88, 'فهد أنس نعمان الداوود', '2020-11-04 14:05:56', '2020-11-03 15:02:30', '2020-11-04 14:05:56'),
(89, 'أحلام رؤوف برهان المطرفي', '2020-11-04 14:06:03', '2020-11-03 15:02:30', '2020-11-04 14:06:03'),
(90, 'الدكتورة ميس العتيبي', '2020-11-04 14:06:12', '2020-11-03 15:02:30', '2020-11-04 14:06:12'),
(91, 'نجوى جواهرجي', '2020-11-04 14:06:20', '2020-11-03 15:02:30', '2020-11-04 14:06:20'),
(92, 'أسامة الخالدي', '2020-11-04 14:07:25', '2020-11-03 15:02:30', '2020-11-04 14:07:25'),
(93, 'جنى اصلان مدني', '2020-11-04 14:07:33', '2020-11-03 15:02:30', '2020-11-04 14:07:33'),
(94, 'الدكتورة نوال الزامل', '2020-11-04 14:07:50', '2020-11-03 15:02:30', '2020-11-04 14:07:50'),
(95, 'شاكر العنزي', '2020-11-04 14:09:01', '2020-11-03 15:02:30', '2020-11-04 14:09:01'),
(96, 'عبدالحليم جواهرجي', '2020-11-04 14:09:03', '2020-11-03 15:02:30', '2020-11-04 14:09:03'),
(97, 'ذيب الحنتوشي', '2020-11-04 14:09:04', '2020-11-03 15:02:30', '2020-11-04 14:09:04'),
(98, 'عبيدالله مدني', '2020-11-04 14:09:06', '2020-11-03 15:02:30', '2020-11-04 14:09:06'),
(99, 'ميسون الحسين', '2020-11-04 14:09:07', '2020-11-03 15:02:30', '2020-11-04 14:09:07'),
(100, 'أناهيد فلاح راغب الجهني', '2020-11-04 14:09:09', '2020-11-03 15:02:30', '2020-11-04 14:09:09'),
(101, 'جمال الحنتوشي', '2020-11-04 14:09:12', '2020-11-03 15:02:30', '2020-11-04 14:09:12'),
(102, 'الرياض', NULL, '2020-11-04 15:15:44', '2020-11-04 15:15:44'),
(103, 'الدمام', NULL, '2020-11-04 15:15:54', '2020-11-04 15:15:54'),
(104, 'المدينة', NULL, '2020-11-04 15:16:04', '2020-11-04 15:16:04'),
(105, 'جدة', NULL, '2020-11-04 15:16:09', '2020-11-04 15:16:09'),
(106, 'الخبر', NULL, '2020-11-04 15:16:17', '2020-11-04 15:16:17'),
(107, 'test', NULL, '2020-11-18 20:52:34', '2020-11-18 20:52:34');

-- --------------------------------------------------------

--
-- Table structure for table `contact_us`
--

CREATE TABLE `contact_us` (
  `id` bigint(20) UNSIGNED NOT NULL,
  `subject` varchar(191) COLLATE utf8mb4_unicode_ci NOT NULL,
  `email` varchar(191) COLLATE utf8mb4_unicode_ci NOT NULL,
  `message` varchar(191) COLLATE utf8mb4_unicode_ci NOT NULL,
  `name` varchar(191) COLLATE utf8mb4_unicode_ci NOT NULL,
  `user_id` bigint(20) UNSIGNED DEFAULT NULL,
  `phone` bigint(20) UNSIGNED DEFAULT NULL,
  `deleted_at` timestamp NULL DEFAULT NULL,
  `created_at` timestamp NOT NULL DEFAULT CURRENT_TIMESTAMP,
  `updated_at` timestamp NOT NULL DEFAULT CURRENT_TIMESTAMP ON UPDATE CURRENT_TIMESTAMP
) ENGINE=MyISAM DEFAULT CHARSET=utf8mb4 COLLATE=utf8mb4_unicode_ci;

--
-- Dumping data for table `contact_us`
--

INSERT INTO `contact_us` (`id`, `subject`, `email`, `message`, `name`, `user_id`, `phone`, `deleted_at`, `created_at`, `updated_at`) VALUES
(1, 'test', 'marwa@test.com', 'ttttttttttttttttttttttttttt', 'Marwa', 2, NULL, NULL, '2020-11-04 08:57:00', '2020-11-04 08:57:00'),
(2, '1', 'e@gmail.com', '1', 'a', 8, NULL, NULL, '2020-11-08 10:30:12', '2020-11-08 10:30:12'),
(3, '1', '1@gmail.com', '1', '1', 16, NULL, NULL, '2020-11-12 09:41:40', '2020-11-12 09:41:40'),
(4, 'aaaaa', 'a@gmail.com', 'aaaaa', 'aaa', 16, NULL, NULL, '2020-11-12 12:17:39', '2020-11-12 12:17:39'),
(5, 'ssssssssssssssss', 'test@gmail.com', 'ssssssssssss', 'eslam', 25, NULL, NULL, '2020-11-18 20:17:33', '2020-11-18 20:17:33'),
(6, 'test11', 'marwa@test.com', 'ةنمسىبتلاسب تبنىثصب ىصثتتتنب ىب', 'Marwa', 2, 100000000, NULL, '2020-11-30 12:20:22', '2020-11-30 12:20:22'),
(7, 'asdfgh', 'asdfgww@gmail.com', 'asdasdasdasd', 'eslam', 27, 1234567899, NULL, '2020-12-02 09:23:54', '2020-12-02 09:23:54');

-- --------------------------------------------------------

--
-- Table structure for table `failed_jobs`
--

CREATE TABLE `failed_jobs` (
  `id` bigint(20) UNSIGNED NOT NULL,
  `connection` text COLLATE utf8mb4_unicode_ci NOT NULL,
  `queue` text COLLATE utf8mb4_unicode_ci NOT NULL,
  `payload` longtext COLLATE utf8mb4_unicode_ci NOT NULL,
  `exception` longtext COLLATE utf8mb4_unicode_ci NOT NULL,
  `failed_at` timestamp NOT NULL DEFAULT CURRENT_TIMESTAMP
) ENGINE=MyISAM DEFAULT CHARSET=utf8mb4 COLLATE=utf8mb4_unicode_ci;

-- --------------------------------------------------------

--
-- Table structure for table `help_requests`
--

CREATE TABLE `help_requests` (
  `id` bigint(20) UNSIGNED NOT NULL,
  `user_id` bigint(20) UNSIGNED NOT NULL,
  `full_name` varchar(191) COLLATE utf8mb4_unicode_ci NOT NULL,
  `phoneNumber` varchar(191) COLLATE utf8mb4_unicode_ci NOT NULL,
  `email` varchar(191) COLLATE utf8mb4_unicode_ci NOT NULL,
  `address` mediumtext COLLATE utf8mb4_unicode_ci NOT NULL,
  `type` varchar(191) COLLATE utf8mb4_unicode_ci NOT NULL,
  `status` varchar(191) COLLATE utf8mb4_unicode_ci NOT NULL DEFAULT 'newRequest',
  `value_request` decimal(12,5) DEFAULT NULL,
  `deleted_at` timestamp NULL DEFAULT NULL,
  `created_at` timestamp NOT NULL DEFAULT CURRENT_TIMESTAMP,
  `updated_at` timestamp NOT NULL DEFAULT CURRENT_TIMESTAMP ON UPDATE CURRENT_TIMESTAMP
) ENGINE=MyISAM DEFAULT CHARSET=utf8mb4 COLLATE=utf8mb4_unicode_ci;

--
-- Dumping data for table `help_requests`
--

INSERT INTO `help_requests` (`id`, `user_id`, `full_name`, `phoneNumber`, `email`, `address`, `type`, `status`, `value_request`, `deleted_at`, `created_at`, `updated_at`) VALUES
(1, 1, 'ahmed', '01145602349', 'ahmedfci20@yahoo.com', '30 Shazly Street', 'price', 'rejected', 150.00000, NULL, '2020-11-04 09:49:29', '2020-11-04 10:40:23'),
(2, 3, 'Hassan Zohdy', '01145145824', 'hassanzohdy@gmail.com', 'Al Miqyas AR Rawdah WA Al Meqyas, Al Manial', 'price', '0', 22.00000, NULL, '2020-11-04 10:08:01', '2020-11-04 10:08:01'),
(3, 2, 'marwa', '9999999999999', 'marwa@test.com', 'نكتقلنتتتيف', 'price', '0', 1000.00000, NULL, '2020-11-04 10:38:18', '2020-11-04 10:38:18'),
(4, 5, 'عبدالله', '0550080449', 'cs@rh.net.sa', 'حائل', 'price', 'newRequest', 500.00000, NULL, '2020-11-06 12:30:53', '2020-11-06 12:30:53'),
(5, 2, 'marwa', '9999999999999', 'marwa@test.com', 'العاشر من رمضان', 'price', 'newRequest', 12444.00000, NULL, '2020-11-07 08:47:23', '2020-11-07 08:47:23'),
(6, 8, 'a', '1', 'a@gmail.com', 'a', 'price', 'approved', 1000.00000, NULL, '2020-11-08 10:23:02', '2020-11-09 08:53:08'),
(7, 2, 'marwa', '01000402218', 'marwa@test.com', 'العاشر من رمضان', 'item', 'newRequest', NULL, NULL, '2020-11-09 09:58:29', '2020-11-09 09:58:29'),
(8, 2, 'user user', '0123456789', 'enasmagdy393@gmail.com', 'city', 'item', 'newRequest', NULL, NULL, '2020-11-10 10:35:44', '2020-11-10 10:35:44'),
(9, 8, 'es', '1', 'es@gmail.com', '1', 'price', 'rejected', 1000.00000, NULL, '2020-11-11 14:17:51', '2020-11-11 14:18:00'),
(10, 16, 'اسلام', '1', 'eslam@rowaad.net', '1', 'price', 'newRequest', 1.00000, NULL, '2020-11-12 09:09:01', '2020-11-12 09:09:01'),
(11, 16, '1', '1', '1@gmail.com', '1', 'price', 'newRequest', NULL, NULL, '2020-11-12 09:13:12', '2020-11-12 09:13:12'),
(12, 16, '1', '1', '1@gmail.com1', '1', 'item', 'newRequest', NULL, NULL, '2020-11-12 09:15:32', '2020-11-12 09:15:32'),
(13, 16, '1', '1', '1@gmail.com', '1', 'item', 'newRequest', NULL, NULL, '2020-11-12 09:16:08', '2020-11-12 09:16:08'),
(14, 16, '1', '1', '1@gmail.com', '1', 'item', 'newRequest', NULL, NULL, '2020-11-12 09:17:58', '2020-11-12 09:17:58'),
(15, 15, 'marwa', '9999999999999', 'marwa@test.com', 'jklfhhfjl;fslskl;sdfs', 'item', 'newRequest', NULL, NULL, '2020-11-12 09:19:05', '2020-11-12 09:19:05'),
(16, 15, 'marwa', '9999999999999', 'marwa@test.com', 'العاشر من رمضان', 'item', 'newRequest', NULL, NULL, '2020-11-12 09:20:08', '2020-11-12 09:20:08'),
(17, 16, '1', '1', '2@gmail.com', '1', 'item', 'newRequest', NULL, NULL, '2020-11-12 09:21:00', '2020-11-12 09:21:00'),
(18, 15, 'marwa', '01000000', 'marwa@test.com', 'jklfhhfjl;fslskl;sdfs', 'item', 'newRequest', NULL, NULL, '2020-11-12 09:23:20', '2020-11-12 09:23:20'),
(19, 16, '1', '1', '1@gmail.com', '1', 'item', 'newRequest', NULL, NULL, '2020-11-12 09:23:43', '2020-11-12 09:23:43'),
(20, 16, 'شaa', '1111111111111111111', 'a@gmail.com', 'aa', 'price', 'newRequest', 1.00000, NULL, '2020-11-16 09:03:29', '2020-11-16 09:03:29'),
(21, 2, 'test', '123455677890', 'test123@gmail.com', 'testin', 'item', 'newRequest', NULL, NULL, '2020-11-17 16:14:47', '2020-11-17 16:14:47'),
(22, 15, 'marwa', '9999999999', 'marwa@test.com', 'العاشر من رمضان', 'price', 'newRequest', 15000.00000, NULL, '2020-11-18 09:32:33', '2020-11-18 09:32:33'),
(23, 15, 'marwa', '0100000011', 'marwa@test.com', 'نكتقلنتتتيف', 'item', 'newRequest', NULL, NULL, '2020-11-18 09:33:36', '2020-11-18 09:33:36'),
(24, 2, 'Raghda Mohammed', '1124124289', 'raghdadarhous.rh@gmail.com', 'cairo', 'item', 'newRequest', NULL, NULL, '2020-11-18 18:10:08', '2020-11-18 18:10:08'),
(25, 25, 'اسلام احمد حسن', '1140423320', 'test@gmail.com', 'elharam', 'item', 'approved', NULL, NULL, '2020-11-18 19:58:27', '2020-11-18 20:35:02'),
(26, 25, 'اسلام', '1140423320', 'test@gmail.com', 'elharam', 'item', 'approved', NULL, NULL, '2020-11-18 19:59:21', '2020-11-18 20:36:34'),
(27, 25, 'اسلام احمد حسن', '1140423320', 'test@gmail.com', 'elharam', 'price', 'rejected', 500.00000, NULL, '2020-11-18 20:03:39', '2020-11-18 20:36:47'),
(28, 25, 'سسس', '11111111111111111', 'g@gmail.com', 's', 'price', 'newRequest', 500000.00000, NULL, '2020-11-18 20:04:20', '2020-11-18 20:04:20'),
(29, 25, 'سسسسس', '111111111111111111', 'w@gmail.com', 'e', 'price', 'rejected', 400000.00000, NULL, '2020-11-18 20:04:58', '2020-11-18 20:36:23'),
(30, 25, 'سسسس', '11111111111111111111', 'h@gmail.com', 'jsjsj', 'item', 'newRequest', NULL, NULL, '2020-11-18 20:07:05', '2020-11-18 20:07:05'),
(31, 25, 'سسسس', '11111111111', 's@gmail.com', '111', 'price', 'newRequest', 4222.00000, NULL, '2020-11-18 20:11:07', '2020-11-18 20:11:07'),
(32, 2, 'marwa', '9999999999', 'marwa@test.com', 'العاشر من رمضان', 'price', 'newRequest', 999999.00000, NULL, '2020-11-19 07:58:15', '2020-11-19 07:58:15'),
(33, 2, 'احمد', '9999999999999', 'tesst@test.com', 'jklfhhfjl;fslskl;sdfs', 'price', 'newRequest', 5000000.00000, NULL, '2020-11-19 09:43:04', '2020-11-19 09:43:04'),
(34, 25, 'eslam ahmed', '111111111111111111111111', 'd@gmail.com', '22sdasdsad', 'price', 'newRequest', 5000000.00000, NULL, '2020-11-19 11:15:51', '2020-11-19 11:15:51'),
(35, 26, 'eslam ahmed elbatrawy', '1140423320', 'eslam@gmail.com', 'eslam', 'price', 'rejected', 5000000.00000, NULL, '2020-11-23 12:16:14', '2020-11-23 12:17:38'),
(36, 26, 'eslam elbatrawy', '1140423320', 'eslam@gmail.com', 'eslam', 'item', 'approved', NULL, NULL, '2020-11-23 12:16:35', '2020-11-23 12:17:24'),
(37, 2, 'marwa', '01000402218', 'marwa@test.com', 'العاشر من رمضان', 'price', 'newRequest', 15000.00000, NULL, '2020-11-30 12:23:27', '2020-11-30 12:23:27'),
(38, 2, 'marwa', '01000402218', 'marwa@test.com', 'العاشر من رمضان', 'item', 'newRequest', NULL, NULL, '2020-11-30 12:23:56', '2020-11-30 12:23:56'),
(39, 27, 'eslam ahmed hassan', '12312312312312', 'eslam@gmail.com', 'esaldsas@gmail.com', 'price', 'rejected', 1.00000, NULL, '2020-12-02 09:48:20', '2020-12-02 09:53:45'),
(40, 27, 'eslam ahmed hassan', '12312312312', 'eslasdm@gmail.com', 'esalasmasdas', 'item', 'approved', NULL, NULL, '2020-12-02 09:49:58', '2020-12-06 16:58:10'),
(41, 27, '7alaaaaa', '12312123123123', 'asdaaaa@gmail.com', '7alaaaaa', 'item', 'approved', NULL, NULL, '2020-12-02 09:50:59', '2020-12-02 09:53:40');

-- --------------------------------------------------------

--
-- Table structure for table `help_request_items`
--

CREATE TABLE `help_request_items` (
  `id` bigint(20) UNSIGNED NOT NULL,
  `name` varchar(191) COLLATE utf8mb4_unicode_ci NOT NULL,
  `help_request_id` bigint(20) UNSIGNED NOT NULL,
  `item_id` bigint(20) UNSIGNED NOT NULL,
  `deleted_at` timestamp NULL DEFAULT NULL,
  `created_at` timestamp NOT NULL DEFAULT CURRENT_TIMESTAMP,
  `updated_at` timestamp NOT NULL DEFAULT CURRENT_TIMESTAMP ON UPDATE CURRENT_TIMESTAMP
) ENGINE=MyISAM DEFAULT CHARSET=utf8mb4 COLLATE=utf8mb4_unicode_ci;

--
-- Dumping data for table `help_request_items`
--

INSERT INTO `help_request_items` (`id`, `name`, `help_request_id`, `item_id`, `deleted_at`, `created_at`, `updated_at`) VALUES
(1, 'حلل تيفال', 8, 3, NULL, '2020-11-10 10:35:44', '2020-11-10 10:35:44'),
(2, 'tv', 8, 4, NULL, '2020-11-10 10:35:44', '2020-11-10 10:35:44'),
(3, 'شاشة', 8, 5, NULL, '2020-11-10 10:35:44', '2020-11-10 10:35:44'),
(4, 'شاشة', 15, 5, NULL, '2020-11-12 09:19:06', '2020-11-12 09:19:06'),
(5, 'ثلاجة', 16, 1, NULL, '2020-11-12 09:20:08', '2020-11-12 09:20:08'),
(6, 'غسالة', 16, 2, NULL, '2020-11-12 09:20:08', '2020-11-12 09:20:08'),
(7, 'حلل تيفال', 16, 3, NULL, '2020-11-12 09:20:08', '2020-11-12 09:20:08'),
(8, 'tv', 16, 4, NULL, '2020-11-12 09:20:08', '2020-11-12 09:20:08'),
(9, 'شاشة', 16, 5, NULL, '2020-11-12 09:20:08', '2020-11-12 09:20:08'),
(10, 'tv', 19, 4, NULL, '2020-11-12 09:23:43', '2020-11-12 09:23:43'),
(11, 'حلل تيفال', 23, 3, NULL, '2020-11-18 09:33:36', '2020-11-18 09:33:36'),
(12, 'شاشة', 23, 5, NULL, '2020-11-18 09:33:36', '2020-11-18 09:33:36'),
(13, 'لوريم ايبسوم', 24, 5, NULL, '2020-11-18 18:10:08', '2020-11-18 18:10:08'),
(14, 'لوريم ايبسوم', 25, 3, NULL, '2020-11-18 19:58:27', '2020-11-18 19:58:27'),
(15, 'لوريم ايبسوم', 25, 5, NULL, '2020-11-18 19:58:27', '2020-11-18 19:58:27'),
(16, 'لوريم ايبسوم', 25, 7, NULL, '2020-11-18 19:58:28', '2020-11-18 19:58:28'),
(17, 'لوريم ايبسوم', 26, 1, NULL, '2020-11-18 19:59:21', '2020-11-18 19:59:21'),
(18, 'لوريم ايبسوم', 26, 2, NULL, '2020-11-18 19:59:21', '2020-11-18 19:59:21'),
(19, 'لوريم ايبسوم', 26, 3, NULL, '2020-11-18 19:59:21', '2020-11-18 19:59:21'),
(20, 'لوريم ايبسوم', 26, 4, NULL, '2020-11-18 19:59:21', '2020-11-18 19:59:21'),
(21, 'لوريم ايبسوم', 26, 5, NULL, '2020-11-18 19:59:21', '2020-11-18 19:59:21'),
(22, 'لوريم ايبسوم', 26, 6, NULL, '2020-11-18 19:59:21', '2020-11-18 19:59:21'),
(23, 'لوريم ايبسوم', 26, 7, NULL, '2020-11-18 19:59:21', '2020-11-18 19:59:21'),
(24, 'لوريم ايبسوم', 26, 8, NULL, '2020-11-18 19:59:21', '2020-11-18 19:59:21'),
(25, 'لوريم ايبسوم', 30, 3, NULL, '2020-11-18 20:07:05', '2020-11-18 20:07:05'),
(26, 'لوريم ايبسوم', 36, 6, NULL, '2020-11-23 12:16:35', '2020-11-23 12:16:35'),
(27, 'لوريم ايبسوم', 38, 3, NULL, '2020-11-30 12:23:56', '2020-11-30 12:23:56'),
(28, 'لوريم ايبسوم', 38, 5, NULL, '2020-11-30 12:23:56', '2020-11-30 12:23:56'),
(29, 'لوريم ايبسوم', 38, 8, NULL, '2020-11-30 12:23:56', '2020-11-30 12:23:56'),
(30, 'لوريم ايبسوم', 40, 6, NULL, '2020-12-02 09:49:58', '2020-12-02 09:49:58'),
(31, 'test', 40, 9, NULL, '2020-12-02 09:49:58', '2020-12-02 09:49:58'),
(32, 'لوريم ايبسوم', 41, 5, NULL, '2020-12-02 09:50:59', '2020-12-02 09:50:59');

-- --------------------------------------------------------

--
-- Table structure for table `information`
--

CREATE TABLE `information` (
  `id` bigint(20) UNSIGNED NOT NULL,
  `title` varchar(191) COLLATE utf8mb4_unicode_ci NOT NULL,
  `content` longtext COLLATE utf8mb4_unicode_ci NOT NULL,
  `deleted_at` timestamp NULL DEFAULT NULL,
  `created_at` timestamp NOT NULL DEFAULT CURRENT_TIMESTAMP,
  `updated_at` timestamp NOT NULL DEFAULT CURRENT_TIMESTAMP ON UPDATE CURRENT_TIMESTAMP
) ENGINE=MyISAM DEFAULT CHARSET=utf8mb4 COLLATE=utf8mb4_unicode_ci;

--
-- Dumping data for table `information`
--

INSERT INTO `information` (`id`, `title`, `content`, `deleted_at`, `created_at`, `updated_at`) VALUES
(1, 'من نحن', 'جمعية الوفاق الأسرية', NULL, '2020-11-25 10:15:17', '2020-11-25 10:15:17'),
(2, 'عن الجمعية', 'عن جمعية الوفاق الأسرية', NULL, '2020-11-25 10:15:41', '2020-11-25 10:15:41'),
(3, 'تاريخ الجمعية', 'تاريخ نشأة الجمعية', NULL, '2020-11-25 10:15:53', '2020-11-25 10:15:53');

-- --------------------------------------------------------

--
-- Table structure for table `items`
--

CREATE TABLE `items` (
  `id` bigint(20) UNSIGNED NOT NULL,
  `name` varchar(191) COLLATE utf8mb4_unicode_ci NOT NULL,
  `image` varchar(191) COLLATE utf8mb4_unicode_ci NOT NULL,
  `deleted_at` timestamp NULL DEFAULT NULL,
  `created_at` timestamp NOT NULL DEFAULT CURRENT_TIMESTAMP,
  `updated_at` timestamp NOT NULL DEFAULT CURRENT_TIMESTAMP ON UPDATE CURRENT_TIMESTAMP
) ENGINE=MyISAM DEFAULT CHARSET=utf8mb4 COLLATE=utf8mb4_unicode_ci;

--
-- Dumping data for table `items`
--

INSERT INTO `items` (`id`, `name`, `image`, `deleted_at`, `created_at`, `updated_at`) VALUES
(1, 'لوريم ايبسوم', '20201118155437-m9PAhxi37V.png', NULL, '2020-11-04 10:34:40', '2020-11-18 12:54:37'),
(2, 'لوريم ايبسوم', '20201118155528-LNgoZQfjRD.png', NULL, '2020-11-04 15:08:18', '2020-11-18 12:55:28'),
(3, 'لوريم ايبسوم', '20201118155641-mnuKy8UNvx.png', NULL, '2020-11-08 13:34:20', '2020-11-18 12:56:41'),
(4, 'لوريم ايبسوم', '20201118155716-ewLluOIFoL.png', NULL, '2020-11-08 13:35:08', '2020-11-18 12:57:16'),
(5, 'لوريم ايبسوم', '20201118155605-nteEA6SFtP.png', NULL, '2020-11-08 13:54:36', '2020-11-18 12:56:05'),
(6, 'لوريم ايبسوم', '20201118155816-f3w2uAGdEj.png', NULL, '2020-11-18 12:58:16', '2020-11-18 12:58:16'),
(7, 'لوريم ايبسوم', '20201118155839-mfymau2g5A.png', NULL, '2020-11-18 12:58:39', '2020-11-18 12:58:39'),
(8, 'لوريم ايبسوم', '20201118155924-yh5p44hdXK.png', NULL, '2020-11-18 12:59:24', '2020-11-18 12:59:24'),
(9, 'test', '20201118234716-81isKlIg0U.png', NULL, '2020-11-18 20:47:16', '2020-11-18 20:47:16');

-- --------------------------------------------------------

--
-- Table structure for table `jobs`
--

CREATE TABLE `jobs` (
  `id` bigint(20) UNSIGNED NOT NULL,
  `name` varchar(191) COLLATE utf8mb4_unicode_ci NOT NULL,
  `code` varchar(191) COLLATE utf8mb4_unicode_ci NOT NULL,
  `start_date` date NOT NULL,
  `end_date` date NOT NULL,
  `condition` text COLLATE utf8mb4_unicode_ci NOT NULL,
  `deleted_at` timestamp NULL DEFAULT NULL,
  `created_at` timestamp NOT NULL DEFAULT CURRENT_TIMESTAMP,
  `updated_at` timestamp NOT NULL DEFAULT CURRENT_TIMESTAMP ON UPDATE CURRENT_TIMESTAMP
) ENGINE=MyISAM DEFAULT CHARSET=utf8mb4 COLLATE=utf8mb4_unicode_ci;

--
-- Dumping data for table `jobs`
--

INSERT INTO `jobs` (`id`, `name`, `code`, `start_date`, `end_date`, `condition`, `deleted_at`, `created_at`, `updated_at`) VALUES
(1, 'هلا محس', 'r', '1999-01-20', '1991-01-03', 'Inventore consequatur laborum sit. Dolorem suscipit vel nemo sequi consectetur consequatur. Itaque unde quis assumenda enim animi alias nemo. Animi accusantium laborum odio temporibus fuga.', '2020-11-04 14:24:25', '2020-11-03 15:02:30', '2020-11-04 14:24:25'),
(2, 'فيفيان المشيقح', 't', '1970-03-30', '2014-09-05', 'Omnis error fugiat placeat quia qui. Aut nemo accusantium ut a facere aut sunt minus. Autem quibusdam sit excepturi ab aut. Rem qui excepturi occaecati maiores aliquid iure asperiores.', '2020-11-04 14:24:27', '2020-11-03 15:02:30', '2020-11-04 14:24:27'),
(3, 'عبدالاله السليم', 'p', '1977-03-11', '2012-09-20', 'Non minus ut id harum voluptas accusantium dolores. Qui dolorum accusamus placeat veniam. Error qui dolores quaerat rerum earum voluptatibus est.', '2020-11-04 14:24:29', '2020-11-03 15:02:30', '2020-11-04 14:24:29'),
(4, 'الدكتورة ابتهال الفريدي', 'v', '1997-09-27', '2010-11-09', 'Ea nihil nesciunt ut iste qui et eligendi. Sed consequatur sint libero velit repellat est non. Omnis excepturi autem rerum impedit saepe. Fuga et error magnam doloremque id.', '2020-11-04 14:24:31', '2020-11-03 15:02:30', '2020-11-04 14:24:31'),
(5, 'نظام المقبل', 'n', '2006-06-04', '1991-12-25', 'Aliquid magnam qui error voluptates voluptatum ea sit. Omnis voluptatibus repellendus et. Esse libero quos sunt odio quis quo.', '2020-11-04 14:24:33', '2020-11-03 15:02:30', '2020-11-04 14:24:33'),
(6, 'احسان جبر أشرف الشهيل', 'r', '1987-12-20', '2016-10-02', 'Mollitia nihil ipsa non minus laudantium qui minus dolores. Maiores beatae nam est qui nihil animi. Quia quidem iure commodi quos id voluptatum.', '2020-11-04 14:24:34', '2020-11-03 15:02:30', '2020-11-04 14:24:34'),
(7, 'مسعود فائق سقا', 'm', '1973-01-08', '2005-07-06', 'Qui magni placeat quam maxime maiores eius. Eveniet accusamus et vel unde soluta est. Mollitia ut aut quia architecto ut.', '2020-11-04 14:51:43', '2020-11-03 15:02:30', '2020-11-04 14:51:43'),
(8, 'سهى ابان فلاح الخالدي', 'p', '1993-12-23', '1994-04-10', 'Ex quisquam consequuntur dolor nostrum sit et. Minus molestiae ea nemo atque odio eos. Molestiae voluptas deleniti suscipit.', '2020-11-04 14:51:45', '2020-11-03 15:02:30', '2020-11-04 14:51:45'),
(9, 'مي الأحمري', 'g', '1997-05-05', '2006-05-09', 'Dolorem debitis veniam quas ratione asperiores sunt sapiente. Eum accusamus neque voluptas libero dolor esse nam. Placeat numquam et non molestiae rerum animi magni. Illo sint unde et architecto dolorem similique similique quo.', '2020-11-04 14:51:48', '2020-11-03 15:02:30', '2020-11-04 14:51:48'),
(10, 'هبة جراح الصقير', 't', '1990-05-13', '1970-03-08', 'Maiores quia maxime ad praesentium saepe nesciunt. Odit vitae at vel temporibus et aut saepe. Saepe corporis et quaerat aliquid deserunt harum aspernatur. Atque sunt excepturi accusantium eum et.', '2020-11-04 14:51:50', '2020-11-03 15:02:30', '2020-11-04 14:51:50'),
(11, 'هايدي عبد اللطيف الراجحي', 'a', '2018-10-13', '2006-04-22', 'Blanditiis quibusdam dolor voluptas. Dolorum enim tenetur non et saepe optio vel. Non aut voluptatem itaque veniam.', '2020-11-04 14:51:52', '2020-11-03 15:02:30', '2020-11-04 14:51:52'),
(12, 'ورود الداوود', 'r', '2008-12-29', '2007-09-11', 'Et quis dolores aut. Ad suscipit optio omnis magnam. Vero enim ipsam nam ab consequatur est mollitia. Omnis necessitatibus aut saepe et placeat ea blanditiis accusantium. Impedit quibusdam eveniet est aut aut maiores tenetur.', '2020-11-04 14:51:53', '2020-11-03 15:02:30', '2020-11-04 14:51:53'),
(13, 'شادي السماعيل', 'm', '1994-09-05', '2010-04-10', 'Delectus voluptatibus et rerum quisquam ipsa est ea. Vel doloribus ut dolores quis. Ratione sit dignissimos aliquam sequi aliquam consequatur dolor.', '2020-11-04 14:51:55', '2020-11-03 15:02:30', '2020-11-04 14:51:55'),
(14, 'حنان الشيباني', 'y', '1988-11-27', '1970-04-24', 'Odio sequi deleniti voluptatem velit similique voluptate voluptatem. Quia dignissimos quae distinctio ratione in possimus id. Quo consequatur magni sint voluptas. Vel facilis expedita autem assumenda quia assumenda.', '2020-11-04 14:51:57', '2020-11-03 15:02:30', '2020-11-04 14:51:57'),
(15, 'سوسن مدني', 'm', '2011-04-24', '2001-07-18', 'Dolorem ab consectetur ut possimus. Autem et ullam atque ea. Quisquam neque illo tempore eum.', '2020-11-04 14:51:59', '2020-11-03 15:02:30', '2020-11-04 14:51:59'),
(16, 'السيدة رنده مدني', 'c', '2011-05-03', '2007-05-02', 'Cumque ratione quaerat voluptatem enim est molestiae. Qui iure sequi dolores omnis. Perferendis dolores assumenda dignissimos sapiente. Et voluptatem iure et quo. Asperiores voluptas excepturi sint.', '2020-11-04 14:52:01', '2020-11-03 15:02:30', '2020-11-04 14:52:01'),
(17, 'بثينة حمزة الأسمري', 'q', '2002-10-13', '1972-06-26', 'Eos natus quisquam sit sit aut aliquid. Autem est temporibus perferendis velit nulla quisquam. Nulla sed sed rerum ea laboriosam perferendis. Assumenda labore dolor nihil eum animi. Error praesentium sapiente quia.', '2020-11-04 14:52:03', '2020-11-03 15:02:30', '2020-11-04 14:52:03'),
(18, 'ناصر رأفت العمرو', 'l', '1973-10-03', '2017-06-06', 'Molestiae odio qui officia laboriosam. Nihil qui aliquam qui voluptates eveniet ea a. Fugiat consequuntur rerum error et. Quaerat et ratione porro corrupti et et nostrum.', '2020-11-04 14:52:05', '2020-11-03 15:02:30', '2020-11-04 14:52:05'),
(19, 'الآنسة وفاء الخضيري', 'a', '2004-02-07', '2006-08-03', 'Sed incidunt perspiciatis maiores sequi consectetur aliquam nisi. Dignissimos excepturi incidunt sequi tempora. Enim quia quaerat sunt nostrum exercitationem corrupti.', '2020-11-04 14:52:07', '2020-11-03 15:02:30', '2020-11-04 14:52:07'),
(20, 'سنابل الخالدي', 't', '2009-11-26', '1975-02-25', 'Culpa praesentium delectus harum numquam quos unde et sed. Quo quos et eos. Laborum qui optio assumenda quia.', '2020-11-04 14:52:09', '2020-11-03 15:02:30', '2020-11-04 14:52:09'),
(21, 'حنان الخضيري', 'k', '2006-04-25', '1987-07-18', 'Et non inventore eligendi vero et explicabo qui. Fugit natus non vel dolore blanditiis quasi sit. Asperiores nulla voluptatibus perferendis eos earum. Impedit vel ipsum eligendi id.', '2020-11-04 14:52:11', '2020-11-03 15:02:30', '2020-11-04 14:52:11'),
(22, 'السيدة مريم الأحمري', 'g', '1995-06-22', '1985-02-21', 'Voluptatem iste neque et. Sit accusamus quis quisquam incidunt omnis omnis. Sed omnis dolore voluptatem est ab atque. Ipsum tenetur ducimus eius totam possimus.', '2020-11-04 14:52:14', '2020-11-03 15:02:30', '2020-11-04 14:52:14'),
(23, 'المهندسة إيناس العمرو', 'x', '2004-06-11', '2011-03-12', 'A qui non ratione quia. Quia optio quis voluptatem distinctio aut assumenda quod. Perspiciatis dolorem repellendus iusto atque ut. Voluptatibus vero vel itaque maiores.', '2020-11-04 14:52:15', '2020-11-03 15:02:30', '2020-11-04 14:52:15'),
(24, 'بكر الشيباني', 'u', '2018-09-23', '1974-07-23', 'Magnam magni et voluptatem rerum. Perspiciatis dolorem possimus eaque doloribus quos veniam voluptas. Et repellat et tempora. Atque inventore dolor doloremque ipsum aut ea.', '2020-11-04 14:52:17', '2020-11-03 15:02:30', '2020-11-04 14:52:17'),
(25, 'هند الجريد', 'f', '1975-04-29', '2005-07-11', 'Accusantium quis id vero aut ipsam. Dicta voluptatum dolor hic omnis. Ipsum quo ut nemo recusandae ullam temporibus.', '2020-11-04 14:52:19', '2020-11-03 15:02:30', '2020-11-04 14:52:19'),
(26, 'ادريس باشا', 'r', '1993-07-17', '1984-06-09', 'Cupiditate dolores mollitia asperiores quis voluptate sed voluptas. Voluptatem occaecati est quo enim in ut est sapiente. Rem velit provident libero. Saepe tempore officia molestias ipsam. Et ut totam corporis laboriosam temporibus illum dolorum.', '2020-11-04 14:52:21', '2020-11-03 15:02:30', '2020-11-04 14:52:21'),
(27, 'حمدي وهيب مكي', 'r', '1973-03-21', '1995-01-22', 'Rerum ratione et fugiat. Quis voluptatem molestiae et totam. Porro velit rerum id sed quis. Magnam enim eum saepe voluptatibus fugiat voluptatem est.', '2020-11-04 14:52:23', '2020-11-03 15:02:30', '2020-11-04 14:52:23'),
(28, 'سنريت باشا', 'h', '2016-03-14', '2008-07-18', 'Itaque est quia adipisci ut. Est doloribus nulla dolores magnam asperiores deserunt fugiat.', '2020-11-04 14:52:25', '2020-11-03 15:02:30', '2020-11-04 14:52:25'),
(29, 'أفنان فواز فجر العنزي', 'c', '1976-02-13', '1977-07-06', 'Esse rerum omnis eligendi et aliquid tempora veritatis. Incidunt iste maxime dolorem quo voluptatem. Quaerat assumenda architecto et id omnis tempore veritatis.', '2020-11-04 14:52:27', '2020-11-03 15:02:30', '2020-11-04 14:52:27'),
(30, 'عبدالهادي رعد نظام العسكر', 't', '2003-07-09', '2014-08-15', 'Quia qui et voluptate officiis omnis culpa veniam. Minus sed possimus dolor repellat. Amet eos ut adipisci numquam. Tempore in dolorem distinctio nam et adipisci.', '2020-11-04 14:52:29', '2020-11-03 15:02:30', '2020-11-04 14:52:29'),
(31, 'بدر العسكر', 'g', '1982-03-10', '2005-04-14', 'Nihil molestiae saepe sed. Explicabo quae necessitatibus quos similique earum blanditiis rerum. Qui occaecati dignissimos ipsa cum dolor ad doloribus. Quo ut nulla assumenda sed.', '2020-11-04 14:52:30', '2020-11-03 15:02:30', '2020-11-04 14:52:30'),
(32, 'رعد ابان السماري', 'k', '1980-10-28', '1995-04-10', 'Aut rem suscipit voluptatem. Deserunt quia est neque animi minus sit repudiandae. Provident ea iure est perspiciatis. Est nisi iure omnis magni iusto.', '2020-11-04 14:52:32', '2020-11-03 15:02:30', '2020-11-04 14:52:32'),
(33, 'المهندسة رشا الصامل', 'f', '1975-04-24', '1990-01-15', 'Et debitis ducimus perspiciatis doloribus delectus mollitia. Ut alias reprehenderit ullam quam. Ab voluptas sit voluptas.', '2020-11-04 14:52:35', '2020-11-03 15:02:30', '2020-11-04 14:52:35'),
(34, 'الآنسة خديجة السالم', 'f', '2010-08-22', '1994-10-30', 'Ut animi veniam aliquid architecto nobis. Commodi fugiat sed dolor libero. Voluptates odio dolorem sed repellat voluptatem.', '2020-11-04 14:52:37', '2020-11-03 15:02:30', '2020-11-04 14:52:37'),
(35, 'برهان الماجد', 'i', '1989-10-11', '1973-07-29', 'Necessitatibus est rerum et ut et recusandae. Adipisci rerum et asperiores. Cum praesentium possimus id voluptas alias ipsam in. Tenetur aliquam vero esse maxime est repellendus.', '2020-11-04 14:52:39', '2020-11-03 15:02:30', '2020-11-04 14:52:39'),
(36, 'ريهام الشهري', 'k', '1974-01-11', '1992-07-12', 'Porro optio voluptatem animi accusantium. Exercitationem sapiente perferendis qui ipsum est voluptatum ut. Sit placeat voluptates facere fugit dolorem eum odio.', '2020-11-04 14:52:41', '2020-11-03 15:02:30', '2020-11-04 14:52:41'),
(37, 'محمود الفيفي', 'b', '1976-12-25', '1981-12-20', 'Commodi porro maiores officia veniam. Nihil facere dolorum aperiam aut cumque repudiandae. Consequuntur repellendus dolores blanditiis perferendis.', '2020-11-04 14:52:44', '2020-11-03 15:02:30', '2020-11-04 14:52:44'),
(38, 'نوال مكي', 'l', '2000-06-25', '1997-08-18', 'Et quasi a numquam hic repudiandae a. Ipsam eaque ducimus est quisquam rerum quod. Molestiae culpa qui sapiente facere aut perspiciatis quae. Ipsa est cum assumenda. Culpa iste esse illo consequatur vel.', '2020-11-04 14:52:46', '2020-11-03 15:02:30', '2020-11-04 14:52:46'),
(39, 'المهندسة ليلى الحميد', 'j', '1980-12-25', '1971-06-12', 'Sed tenetur quibusdam tenetur velit aspernatur at. Sequi voluptatem quo et reiciendis qui voluptas sapiente sit. Nulla fugiat consequatur delectus voluptates est.', '2020-11-04 14:52:50', '2020-11-03 15:02:30', '2020-11-04 14:52:50'),
(40, 'السيدة ديما السليم', 'o', '2014-10-11', '2014-08-23', 'Similique aspernatur delectus blanditiis repellendus voluptatibus. Quod blanditiis consequatur optio numquam dolorem non incidunt. Omnis libero eos in quaerat velit sit dicta non.', '2020-11-04 14:52:52', '2020-11-03 15:02:30', '2020-11-04 14:52:52'),
(41, 'وسيم الشيباني', 'x', '1991-06-24', '1983-03-01', 'Fugiat voluptatum facilis ipsam facilis sed harum. Officia sed impedit non temporibus quibusdam quod doloremque. Autem consequuntur possimus eius quam in incidunt. Optio dicta eius explicabo et at ullam quibusdam impedit.', '2020-11-04 14:52:54', '2020-11-03 15:02:30', '2020-11-04 14:52:54'),
(42, 'سيلفا الخضيري', 'f', '2001-01-19', '2011-09-14', 'Quia omnis quia ut blanditiis quae ut et. Ut et possimus ut rerum velit. Cupiditate inventore quae adipisci aut architecto placeat est quia. Tempore non quisquam et.', '2020-11-04 14:52:56', '2020-11-03 15:02:30', '2020-11-04 14:52:56'),
(43, 'فلاح الصامل', 's', '2020-05-01', '2013-07-26', 'Nostrum quo quia optio fuga ad aperiam sint. Ea veniam rerum nostrum consequatur quis recusandae est. Facilis exercitationem sit minus aut optio quis sed. Dolorem ut id est molestiae dolores.', '2020-11-04 14:52:57', '2020-11-03 15:02:30', '2020-11-04 14:52:57'),
(44, 'تمام عبداالله مهران العقل', 'c', '1982-06-01', '1972-03-21', 'Id commodi totam molestiae sunt quisquam eaque. Autem quibusdam omnis dolore est illo. Repellendus non expedita culpa repellendus sunt consequatur ducimus et.', '2020-11-04 14:52:59', '2020-11-03 15:02:30', '2020-11-04 14:52:59'),
(45, 'مهدي الحسين', 'j', '1996-08-24', '1972-10-31', 'Repudiandae occaecati occaecati est. Hic laboriosam dolorem ipsam adipisci iusto. Similique et dolores quis. Placeat sequi tenetur voluptas maxime. Dolore rerum maiores voluptates animi consequuntur.', '2020-11-04 14:53:01', '2020-11-03 15:02:30', '2020-11-04 14:53:01'),
(46, 'لينة العرفج', 'p', '2017-05-09', '2020-01-08', 'Doloremque nobis perferendis quia minus. Sapiente eos in labore et. Est autem nemo quisquam et corrupti omnis.', '2020-11-04 14:53:03', '2020-11-03 15:02:30', '2020-11-04 14:53:03'),
(47, 'مشهور عبدالوهاب الزامل', 'o', '2018-09-05', '2000-10-23', 'Et et id dolores distinctio ipsam expedita. Reiciendis eos aperiam sed fugiat consectetur illo. Qui aut modi nobis similique consequatur provident velit. Velit illo suscipit ad suscipit quas consequatur voluptatem. Nisi eligendi sunt laudantium iure aut est pariatur.', '2020-11-04 14:53:05', '2020-11-03 15:02:30', '2020-11-04 14:53:05'),
(48, 'ايوب الحميد', 'h', '1973-08-29', '1970-03-14', 'Consequuntur incidunt quo aut. Ea atque quia est qui dicta et voluptatem explicabo. Dolor sunt tempora at repudiandae aut aut.', '2020-11-04 14:53:07', '2020-11-03 15:02:30', '2020-11-04 14:53:07'),
(49, 'المهندسة شروق الماجد', 'y', '1990-03-07', '1993-07-13', 'Sequi tempora pariatur nihil aut qui ratione. Dolores perferendis rerum odio et vero enim enim. Quia quos eaque unde illum.', '2020-11-04 14:53:10', '2020-11-03 15:02:30', '2020-11-04 14:53:10'),
(50, 'المهندسة محبوبة السليم', 'x', '1982-06-20', '1970-07-17', 'Quos illo non sit minus. Reprehenderit similique cupiditate magnam aliquam numquam atque et. Accusamus sequi ipsum occaecati illum dolore nulla.', '2020-11-04 14:53:12', '2020-11-03 15:02:30', '2020-11-04 14:53:12'),
(51, 'السيدة آية المقبل', 'd', '2004-11-03', '2015-07-28', 'Fugiat nihil magni blanditiis tenetur. Error ab tenetur est aliquid reiciendis ut. Nulla odio aut quis velit odit corporis optio sed.', '2020-11-04 14:53:17', '2020-11-03 15:02:30', '2020-11-04 14:53:17'),
(52, 'أروى كايد مكي', 'z', '2014-06-05', '1980-01-30', 'Et nam enim dicta. Ea quam reprehenderit libero et possimus. Aut quidem suscipit doloribus at.', '2020-11-04 14:53:19', '2020-11-03 15:02:30', '2020-11-04 14:53:19'),
(53, 'ندين هوساوي', 't', '1972-09-02', '2008-02-27', 'Aut alias repellat deleniti in reprehenderit. Eos consequatur a aut unde consequatur. Veritatis quaerat temporibus cum rem.', '2020-11-04 14:53:21', '2020-11-03 15:02:30', '2020-11-04 14:53:21'),
(54, 'عزيزة الفريدي', 'j', '2011-01-10', '1972-10-03', 'Est enim et earum sapiente illo blanditiis beatae sint. Et occaecati nesciunt enim quae. Eligendi qui dolores perferendis omnis itaque. Et nostrum aut deserunt in et velit dolorem. Autem a repellat tempora dolor dolore quia.', '2020-11-04 14:53:26', '2020-11-03 15:02:30', '2020-11-04 14:53:26'),
(55, 'اليمان مسعود برماوي', 'h', '2016-03-10', '1977-11-18', 'Laborum accusantium doloremque et est totam ab maiores. Soluta qui molestiae inventore consequatur natus nemo. Et a ut soluta asperiores.', '2020-11-04 14:54:47', '2020-11-03 15:02:30', '2020-11-04 14:54:47'),
(56, 'مشيرة احسان زمام الجهني', 'z', '2019-08-23', '2000-01-31', 'Sequi sequi possimus est et accusamus facere. Illum molestias distinctio sit rerum. Laborum facilis porro dolor consequuntur consequatur corporis.', '2020-11-04 14:54:56', '2020-11-03 15:02:30', '2020-11-04 14:54:56'),
(57, 'ليليان المنيف', 'm', '2017-09-24', '1984-05-24', 'Incidunt harum blanditiis sit. Exercitationem quaerat in aliquam deleniti nihil doloremque. Nemo repellat ad deserunt similique quia voluptas saepe.', '2020-11-04 14:54:59', '2020-11-03 15:02:30', '2020-11-04 14:54:59'),
(58, 'الآنسة نجاح الصقيه', 'l', '2002-03-06', '1970-10-15', 'Nostrum eius voluptatem esse corporis pariatur dolores. Quis reprehenderit dolore exercitationem rerum ut amet officia. Ut delectus excepturi iste id quod. Quo expedita nulla vel reiciendis.', '2020-11-04 14:55:02', '2020-11-03 15:02:30', '2020-11-04 14:55:02'),
(59, 'حمزة عرار نعمة الأسمري', 'o', '1997-11-04', '1975-04-09', 'Earum eius omnis nemo pariatur. Omnis ut id architecto quo ad porro.', '2020-11-04 14:55:05', '2020-11-03 15:02:30', '2020-11-04 14:55:05'),
(60, 'ساري الراجحي', 'p', '1991-09-22', '1995-02-01', 'Nihil dolorem temporibus fuga id nulla qui. Aut animi facere quisquam animi. Consequuntur minima maiores et et.', '2020-11-04 14:55:07', '2020-11-03 15:02:30', '2020-11-04 14:55:07'),
(61, 'حمدان مشاري اشرف الخضيري', 'l', '1998-09-26', '1976-05-30', 'Nobis eos voluptatem cum molestias consequatur. Dolorum ab qui numquam quos voluptas. Esse eius itaque fugit aut laboriosam et autem sint.', '2020-11-04 14:55:09', '2020-11-03 15:02:30', '2020-11-04 14:55:09'),
(62, 'نهيدة سقا', 'f', '1998-01-05', '1991-01-10', 'Et nesciunt temporibus nemo dolorum sunt architecto voluptatibus libero. Eum neque expedita totam modi assumenda pariatur. Beatae quidem magnam non dolorem. Ipsam voluptatibus quibusdam aut rem.', '2020-11-04 14:55:11', '2020-11-03 15:02:30', '2020-11-04 14:55:11'),
(63, 'نائله السليم', 'r', '1991-03-29', '1986-08-19', 'Est aut autem temporibus. Accusantium cum ut fuga quia ut totam rem corrupti. Laboriosam et itaque accusamus laborum eius quod.', '2020-11-04 14:55:13', '2020-11-03 15:02:30', '2020-11-04 14:55:13'),
(64, 'أماني الفريدي', 'm', '2010-03-25', '1995-05-09', 'Quibusdam est eveniet veritatis hic sint. Reprehenderit quo ad doloribus officiis explicabo dolorem consequuntur. Enim officiis deleniti perspiciatis aliquam sit molestiae.', '2020-11-04 14:55:15', '2020-11-03 15:02:30', '2020-11-04 14:55:15'),
(65, 'جميلة عمرو تركي جواهرجي', 'x', '1984-01-23', '2000-04-04', 'Sint quos praesentium et porro. Nesciunt quis odit magni. Nisi dolorem voluptatem provident corporis neque perspiciatis perferendis.', '2020-11-04 14:55:16', '2020-11-03 15:02:30', '2020-11-04 14:55:16'),
(66, 'منتصر العتيبي', 't', '2000-12-01', '1992-04-03', 'Hic laudantium odio aperiam sint eum et. Quo eligendi repellat vitae. Occaecati perferendis rem praesentium sit ut praesentium. Sequi error voluptatem facilis ipsam facere eos qui.', '2020-11-04 14:55:22', '2020-11-03 15:02:30', '2020-11-04 14:55:22'),
(67, 'أناهيد الحميد', 'b', '2005-08-23', '1991-04-25', 'Eum sed aliquid consequatur impedit molestiae. At consequatur et est. Eius dignissimos vero consequuntur ut et earum iste. Deleniti doloribus corporis mollitia veritatis nulla explicabo nisi. Autem rerum rem occaecati hic natus est eos.', '2020-11-04 14:55:24', '2020-11-03 15:02:30', '2020-11-04 14:55:24'),
(68, 'حافظ الزامل', 'b', '1983-05-31', '1984-08-20', 'Repellat dolore beatae repellat tempore omnis optio quaerat. Cupiditate sint est aut. Sapiente blanditiis recusandae corrupti quas consectetur eaque molestiae sequi. Est cum quis dicta iste.', '2020-11-04 14:55:26', '2020-11-03 15:02:30', '2020-11-04 14:55:26'),
(69, 'ميسره الزامل', 'e', '2006-03-15', '2005-04-25', 'Ab laudantium dolores autem et necessitatibus quis occaecati omnis. Nisi laborum perspiciatis et fugiat. Temporibus sint illum quae necessitatibus ut sapiente.', '2020-11-04 14:55:27', '2020-11-03 15:02:30', '2020-11-04 14:55:27'),
(70, 'الآنسة رانيا برماوي', 'r', '1991-09-24', '1972-05-22', 'Vel occaecati aliquam qui. Impedit voluptatum porro optio error omnis et. Qui dolorem eligendi reprehenderit quos ut molestias commodi quia. Animi quasi tempore sed architecto pariatur ipsa beatae dolor.', '2020-11-04 14:55:29', '2020-11-03 15:02:30', '2020-11-04 14:55:29'),
(71, 'أصالة الصامل', 't', '1989-07-12', '2019-02-05', 'Omnis qui quia illo. Et sint qui ad voluptas deleniti. Inventore occaecati at animi aut.', '2020-11-04 14:55:30', '2020-11-03 15:02:30', '2020-11-04 14:55:30'),
(72, 'نجوى سقا', 'm', '1977-04-21', '1985-04-07', 'Quam incidunt consectetur blanditiis in ipsam illum neque aliquid. Eum dolorum aut ut consequatur. Rerum rerum eos rerum.', '2020-11-04 14:55:47', '2020-11-03 15:02:30', '2020-11-04 14:55:47'),
(73, 'عبدالسلام الفرحان', 'g', '1996-02-17', '1994-09-13', 'Illum accusamus commodi sed voluptatem aliquid exercitationem nobis. Officiis quo reiciendis consequuntur quas aliquid. Aperiam et molestiae hic vel ut est sunt dolores.', '2020-11-04 14:55:48', '2020-11-03 15:02:30', '2020-11-04 14:55:48'),
(74, 'عدب السعيد', 'i', '1980-10-19', '1976-05-25', 'Hic cumque sit alias quia ut ex. Et voluptatibus alias consequatur eveniet sit sit. Delectus voluptas nihil nobis.', '2020-11-04 14:55:52', '2020-11-03 15:02:30', '2020-11-04 14:55:52'),
(75, 'أمنة العتيبي', 'v', '2000-05-02', '2002-08-17', 'Vel error soluta odit iure expedita. Et repellat blanditiis incidunt totam explicabo. Pariatur cupiditate ipsum odit repellat atque ducimus ut.', '2020-11-04 14:55:55', '2020-11-03 15:02:30', '2020-11-04 14:55:55'),
(76, 'لميس المشيقح', 'i', '1971-08-23', '2016-10-16', 'In at ipsa similique maiores. Doloribus eveniet sit quia quod nihil excepturi consectetur corporis. Laboriosam nihil aliquam cumque eius laborum. Nobis iure aliquam labore sint molestiae ut qui. Est et non eligendi est magni maiores consectetur.', '2020-11-04 14:55:57', '2020-11-03 15:02:30', '2020-11-04 14:55:57'),
(77, 'نداء المقبل', 'l', '1982-02-22', '1980-01-06', 'Perspiciatis aut repudiandae aperiam omnis illo quis. Dolor voluptate mollitia dolorem repellat quia. Suscipit ea alias quidem nostrum eveniet odio. Et a blanditiis in esse similique est earum eos.', '2020-11-04 14:55:58', '2020-11-03 15:02:30', '2020-11-04 14:55:58'),
(78, 'مشعل الخالدي', 'v', '2017-06-18', '1973-05-30', 'Consequatur molestiae et error ut. Sunt occaecati libero sit fugit sunt numquam. Cumque molestias dolor quisquam impedit voluptatem.', '2020-11-04 14:56:00', '2020-11-03 15:02:30', '2020-11-04 14:56:00'),
(79, 'زها الزامل', 'u', '2011-09-28', '2004-10-20', 'Adipisci maxime dolorem aut ut modi. Alias odit occaecati enim quam quisquam. Beatae enim dolorem ullam ratione quo eos quis. Vitae est ratione ut.', '2020-11-04 14:56:01', '2020-11-03 15:02:30', '2020-11-04 14:56:01'),
(80, 'السيدة فاديه العتيبي', 'n', '1992-04-13', '1970-04-21', 'Occaecati nostrum rerum quo ut deleniti saepe eum. Dicta ullam fugiat aspernatur ab beatae. Aliquam distinctio qui laudantium consequatur nostrum deleniti consectetur. Sunt ut accusamus ducimus quaerat.', '2020-11-04 14:56:03', '2020-11-03 15:02:30', '2020-11-04 14:56:03'),
(81, 'رامين الخضيري', 'i', '1993-04-15', '1989-01-07', 'Praesentium quia excepturi quia eos. Nam eum voluptatem officiis dolorem repellendus natus. Tenetur ut hic qui illum assumenda. Atque nostrum sed omnis dolorem possimus tenetur omnis. Omnis et quidem et ut.', '2020-11-04 14:56:07', '2020-11-03 15:02:30', '2020-11-04 14:56:07'),
(82, 'السيدة ميار السالم', 'i', '1989-06-06', '1974-01-19', 'Rerum at et adipisci dolorum. Blanditiis eius beatae sint at sequi optio qui. Dolores cumque voluptate tempora recusandae est.', '2020-11-04 14:56:09', '2020-11-03 15:02:30', '2020-11-04 14:56:09'),
(83, 'رنده قصي سلام جواهرجي', 'h', '1974-07-12', '1976-03-31', 'Quibusdam impedit sequi quam ea vel rem ipsum saepe. Modi velit sunt praesentium eveniet. Modi expedita dolor voluptatem possimus.', '2020-11-04 14:56:10', '2020-11-03 15:02:30', '2020-11-04 14:56:10'),
(84, 'وفاء الجريد', 'b', '2015-06-21', '1984-10-10', 'Similique assumenda eos quia expedita deserunt harum. Qui libero eum et culpa. Quia enim vitae modi possimus. Quos ducimus voluptates velit recusandae libero consectetur. Molestias velit quasi minima.', '2020-11-04 14:56:15', '2020-11-03 15:02:30', '2020-11-04 14:56:15'),
(85, 'موسى رغيد الماجد', 'p', '1974-02-26', '2003-04-28', 'Neque sit esse sit. Assumenda ipsam autem doloribus officiis reiciendis. Sequi fugiat mollitia commodi odio earum.', '2020-11-04 14:56:17', '2020-11-03 15:02:30', '2020-11-04 14:56:17'),
(86, 'نادين محسن الفريدي', 'h', '1997-03-10', '1998-05-08', 'Magnam natus ut nesciunt autem voluptatem distinctio esse quos. Neque possimus et ipsum esse voluptatem. Iure totam ut occaecati maiores explicabo.', '2020-11-04 14:56:19', '2020-11-03 15:02:30', '2020-11-04 14:56:19'),
(87, 'مثنى السماري', 'b', '2013-09-29', '1970-12-06', 'Sint rerum numquam possimus accusamus architecto quasi. Dolor qui molestiae illo reprehenderit maxime quisquam dolorum est. Ipsa id cupiditate vitae dignissimos fugiat sit. Et molestiae rerum nisi eum illum aut.', '2020-11-04 14:56:21', '2020-11-03 15:02:30', '2020-11-04 14:56:21'),
(88, 'الدكتورة سمية السمير', 'i', '1981-05-25', '1990-05-11', 'Et nihil sint corporis ut. Ipsam deleniti et quia a iste et. Laudantium fugiat iure nesciunt officia aliquid molestiae harum. Pariatur nihil earum est aperiam.', '2020-11-04 14:56:23', '2020-11-03 15:02:30', '2020-11-04 14:56:23'),
(89, 'ارجوان الداوود', 'b', '1987-09-19', '2008-06-30', 'Delectus asperiores deleniti non voluptas tempore consequuntur corrupti omnis. Voluptatem aut est libero debitis repellendus. Dolorum perferendis voluptatibus repellendus eius corrupti.', '2020-11-04 14:56:25', '2020-11-03 15:02:30', '2020-11-04 14:56:25'),
(90, 'لجين الراجحي', 't', '1977-12-26', '1973-06-19', 'Sed et molestiae doloremque dolorem blanditiis. Corrupti dicta sit repellendus qui error reprehenderit. Sequi vitae sapiente ut ut. At id ea et ratione.', '2020-11-04 14:56:27', '2020-11-03 15:02:30', '2020-11-04 14:56:27'),
(91, 'ثريا العنزي', 'l', '1997-06-18', '2020-10-10', 'Id praesentium recusandae temporibus delectus. Consequuntur rerum hic amet neque et esse. Quia id nobis facere omnis recusandae quos aut. Numquam voluptatem voluptas non aut voluptatibus quis. Laudantium nostrum ipsa reiciendis et optio rerum amet non.', '2020-11-04 14:56:29', '2020-11-03 15:02:30', '2020-11-04 14:56:29'),
(92, 'فرح المنيف', 'e', '1999-11-10', '1980-12-27', 'Optio dolorem hic nihil cupiditate autem omnis. Quas nesciunt assumenda eaque deleniti voluptatem alias. Provident perspiciatis ratione expedita nemo qui deserunt. Officiis sapiente voluptas alias laboriosam.', '2020-11-04 14:56:31', '2020-11-03 15:02:30', '2020-11-04 14:56:31'),
(93, 'ثامر السهلي', 'w', '1976-10-13', '2014-09-05', 'Deleniti aliquam optio expedita. Quia officiis sit non beatae. Doloribus harum culpa veniam eum. Ut aperiam sed ipsam. Animi esse omnis omnis suscipit placeat dolores.', '2020-11-04 14:56:32', '2020-11-03 15:02:30', '2020-11-04 14:56:32'),
(94, 'مريم جواهرجي', 'j', '1984-07-12', '2016-11-18', 'Ut voluptatem consectetur aspernatur aliquid veritatis animi. Et placeat error mollitia aspernatur consequatur voluptatum est. Maxime delectus cupiditate vitae omnis enim sapiente.', '2020-11-04 14:56:34', '2020-11-03 15:02:30', '2020-11-04 14:56:34'),
(95, 'المهندسة حلا الشهيل', 's', '1977-03-22', '1999-03-15', 'Vitae et sed voluptas sunt necessitatibus. Quia repudiandae expedita nisi et atque. Quis nihil est cupiditate sed molestiae voluptates officiis. Est est adipisci quae aut laudantium iusto. Aut suscipit fugit dolorem quos sint quo dignissimos.', '2020-11-04 14:56:36', '2020-11-03 15:02:30', '2020-11-04 14:56:36'),
(96, 'طلال الجهني', 'g', '2018-10-08', '1973-03-07', 'Repellat rem dolorem similique non corrupti. Velit ut quidem recusandae.', '2020-11-04 14:56:40', '2020-11-03 15:02:30', '2020-11-04 14:56:40'),
(97, 'صفوان ادم الشهيل', 'x', '2007-09-02', '1977-07-14', 'Doloribus itaque odit iusto sed maiores temporibus. Officia et voluptate libero ratione et et omnis. Consequatur asperiores expedita eaque in sint. Rem aut praesentium natus in nulla in.', '2020-11-04 14:56:42', '2020-11-03 15:02:30', '2020-11-04 14:56:42'),
(98, 'سهير الفريدي', 'i', '2018-03-22', '1981-05-19', 'Alias saepe rerum est aliquam. In quidem nihil expedita consequatur. Ut accusantium perferendis molestiae dolorem et laboriosam et eius. Quia ipsam aut est molestiae nihil.', '2020-11-04 14:56:44', '2020-11-03 15:02:30', '2020-11-04 14:56:44'),
(99, 'الآنسة سهى الداوود', 'h', '1970-06-05', '2015-06-14', 'Sed ut optio voluptatem saepe enim eligendi sapiente. Harum aspernatur libero deleniti qui quia minima eaque. Sit quam quam nemo incidunt eligendi. Et praesentium sint sunt.', '2020-11-04 14:56:47', '2020-11-03 15:02:30', '2020-11-04 14:56:47'),
(100, 'فايز اشرف العقل', 'y', '2010-01-07', '1997-06-02', 'Id et omnis quod. Incidunt tempora aut dolores corrupti. Asperiores est officiis pariatur deleniti. Nulla architecto debitis iusto.', '2020-11-04 14:56:49', '2020-11-03 15:02:30', '2020-11-04 14:56:49'),
(101, 'وظيفة 1', '#1', '2020-11-11', '2020-11-18', '1 - ممممممممممم\r\n2 - ههههههههههههههه\r\n3 - نننننننننننن', NULL, '2020-11-11 13:04:39', '2020-11-11 13:04:39'),
(102, 'وظيفة 2', '#2', '2020-11-14', '2020-11-21', '1 - ممممممممممم\r\n2 - ههههههههههههههه\r\n3 - نننننننننننن', NULL, '2020-11-11 13:05:26', '2020-11-11 13:05:26'),
(103, 'وظيفة 3', '#3', '2020-11-15', '2020-11-22', '1 - ممممممممممم\r\n2 - ههههههههههههههه\r\n3 - نننننننننننن', NULL, '2020-11-11 13:05:54', '2020-11-11 13:05:54'),
(104, 'test', '55', '2020-11-18', '2020-11-22', 'test', NULL, '2020-11-18 20:51:16', '2020-11-18 20:51:16');

-- --------------------------------------------------------

--
-- Table structure for table `job_applications`
--

CREATE TABLE `job_applications` (
  `id` bigint(20) UNSIGNED NOT NULL,
  `full_name` varchar(191) COLLATE utf8mb4_unicode_ci NOT NULL,
  `email` varchar(191) COLLATE utf8mb4_unicode_ci NOT NULL,
  `cv` varchar(191) COLLATE utf8mb4_unicode_ci NOT NULL,
  `job_id` bigint(20) UNSIGNED NOT NULL,
  `deleted_at` timestamp NULL DEFAULT NULL,
  `created_at` timestamp NOT NULL DEFAULT CURRENT_TIMESTAMP,
  `updated_at` timestamp NOT NULL DEFAULT CURRENT_TIMESTAMP ON UPDATE CURRENT_TIMESTAMP
) ENGINE=MyISAM DEFAULT CHARSET=utf8mb4 COLLATE=utf8mb4_unicode_ci;

--
-- Dumping data for table `job_applications`
--

INSERT INTO `job_applications` (`id`, `full_name`, `email`, `cv`, `job_id`, `deleted_at`, `created_at`, `updated_at`) VALUES
(1, 'marwa', 'marwa@test.com', '20201111160717-Vsi0fJpXMW.docx', 102, '2020-11-11 13:14:31', '2020-11-11 13:07:17', '2020-11-11 13:14:31'),
(2, 'احمد', 'ahmed@test.com', '20201111162126-tF73B9il5Y.docx', 101, NULL, '2020-11-11 13:21:26', '2020-11-11 13:21:26'),
(3, 'ش', '1@gmail.com', '20201112125337-UoXGvGT38f.png', 101, '2020-11-18 20:50:54', '2020-11-12 09:53:37', '2020-11-18 20:50:54'),
(4, 'حسن زهدي', 'test@test.com', '20201118210051-nDISvgREyN.pdf', 101, NULL, '2020-11-18 18:00:51', '2020-11-18 18:00:51'),
(5, 'اسلام احمد حسن', 'test@gmail.com', '20201118222655-gojr2WFJy6.pdf', 101, NULL, '2020-11-18 19:26:55', '2020-11-18 19:26:55');

-- --------------------------------------------------------

--
-- Table structure for table `marriage_requests`
--

CREATE TABLE `marriage_requests` (
  `id` bigint(20) UNSIGNED NOT NULL,
  `first_name` varchar(191) COLLATE utf8mb4_unicode_ci DEFAULT NULL,
  `middle_name` varchar(191) COLLATE utf8mb4_unicode_ci DEFAULT NULL,
  `last_name` varchar(191) COLLATE utf8mb4_unicode_ci DEFAULT NULL,
  `user_id` bigint(20) UNSIGNED DEFAULT NULL,
  `nationality_id` bigint(20) UNSIGNED DEFAULT NULL,
  `qualification_id` bigint(20) UNSIGNED DEFAULT NULL,
  `city_id` bigint(20) UNSIGNED DEFAULT NULL,
  `province` varchar(191) COLLATE utf8mb4_unicode_ci DEFAULT NULL,
  `birthday_type` varchar(191) COLLATE utf8mb4_unicode_ci DEFAULT NULL,
  `birthday` date DEFAULT NULL,
  `age` varchar(191) COLLATE utf8mb4_unicode_ci DEFAULT NULL,
  `tripe` varchar(255) COLLATE utf8mb4_unicode_ci DEFAULT NULL,
  `head_cover` varchar(191) COLLATE utf8mb4_unicode_ci DEFAULT NULL,
  `face_cover` varchar(191) COLLATE utf8mb4_unicode_ci DEFAULT NULL,
  `hand_cover` varchar(191) COLLATE utf8mb4_unicode_ci DEFAULT NULL,
  `body_cover` varchar(255) COLLATE utf8mb4_unicode_ci DEFAULT NULL,
  `shape` varchar(191) COLLATE utf8mb4_unicode_ci DEFAULT NULL,
  `hair` varchar(191) COLLATE utf8mb4_unicode_ci DEFAULT NULL,
  `beared` varchar(191) COLLATE utf8mb4_unicode_ci DEFAULT NULL,
  `smoked` varchar(191) COLLATE utf8mb4_unicode_ci DEFAULT NULL,
  `religion` varchar(191) COLLATE utf8mb4_unicode_ci DEFAULT NULL,
  `weight` varchar(191) COLLATE utf8mb4_unicode_ci DEFAULT NULL,
  `height` varchar(191) COLLATE utf8mb4_unicode_ci DEFAULT NULL,
  `skin_color` varchar(191) COLLATE utf8mb4_unicode_ci DEFAULT NULL,
  `health_status` varchar(191) COLLATE utf8mb4_unicode_ci DEFAULT NULL,
  `social_status` varchar(191) COLLATE utf8mb4_unicode_ci DEFAULT NULL,
  `financial_status` varchar(191) COLLATE utf8mb4_unicode_ci DEFAULT NULL,
  `job_title` varchar(191) COLLATE utf8mb4_unicode_ci DEFAULT NULL,
  `job_in` varchar(191) COLLATE utf8mb4_unicode_ci DEFAULT NULL,
  `job_type` varchar(191) COLLATE utf8mb4_unicode_ci DEFAULT NULL,
  `monthly_income` varchar(191) COLLATE utf8mb4_unicode_ci DEFAULT NULL,
  `note` text COLLATE utf8mb4_unicode_ci,
  `request_type` varchar(191) COLLATE utf8mb4_unicode_ci DEFAULT NULL,
  `status` tinyint(4) DEFAULT '0',
  `deleted_at` timestamp NULL DEFAULT NULL,
  `created_at` timestamp NOT NULL DEFAULT CURRENT_TIMESTAMP,
  `updated_at` timestamp NOT NULL DEFAULT CURRENT_TIMESTAMP ON UPDATE CURRENT_TIMESTAMP,
  `unique_id` varchar(191) COLLATE utf8mb4_unicode_ci DEFAULT '0',
  `disease` varchar(191) COLLATE utf8mb4_unicode_ci DEFAULT NULL
) ENGINE=MyISAM DEFAULT CHARSET=utf8mb4 COLLATE=utf8mb4_unicode_ci;

--
-- Dumping data for table `marriage_requests`
--

INSERT INTO `marriage_requests` (`id`, `first_name`, `middle_name`, `last_name`, `user_id`, `nationality_id`, `qualification_id`, `city_id`, `province`, `birthday_type`, `birthday`, `age`, `tripe`, `head_cover`, `face_cover`, `hand_cover`, `body_cover`, `shape`, `hair`, `beared`, `smoked`, `religion`, `weight`, `height`, `skin_color`, `health_status`, `social_status`, `financial_status`, `job_title`, `job_in`, `job_type`, `monthly_income`, `note`, `request_type`, `status`, `deleted_at`, `created_at`, `updated_at`, `unique_id`, `disease`) VALUES
(1, 'احمد', 'على', 'محمود', 1, 1, 1, 1, 'سشىينمىشسمنت', 'Gregorian', '2020-01-01', '0', '1', NULL, NULL, NULL, NULL, 'مقبول', 'ناعم', 'بدون لحية', '1', 'عالى', '50 – 60', '140 – 130', 'ابيض', 'صحى', 'اعذب', 'متوسطة', 'Ahmed Aly Mahmoud AB', 'Ahmed Aly Mahmoud AB', 'طالب', '1 – 3000', NULL, '1', 0, NULL, '2020-11-03 14:09:39', '2020-11-03 14:09:39', '0', NULL),
(2, NULL, NULL, NULL, 8, 102, NULL, 102, NULL, 'Gregorian', '1994-02-22', '26', '1', '1', '1', '1', '1', 'مقبول', NULL, NULL, '1', NULL, '61 – 70', '170 – 161', 'بنى', 'صحى', 'اعذب', 'اعذب', 'a', 'a', 'حكومية', '9100 – 12000', NULL, '1', 0, '2020-11-30 14:48:23', '2020-11-08 10:24:10', '2020-11-30 14:48:23', '0', NULL),
(3, NULL, NULL, NULL, 8, 104, 102, 105, NULL, NULL, NULL, '29 - 24', '1', NULL, NULL, NULL, NULL, 'مقبول', 'ناعم', 'بدون لحية', '1', 'عالى', '141 – 150', '180 – 171', 'بنى', 'مريض', 'مطلق مع اولاد', 'ممتازة', 'س', 'س', 'خاص', '3100 – 6000', NULL, '2', 0, NULL, '2020-11-09 08:33:51', '2020-11-09 08:33:51', '0', NULL),
(4, NULL, NULL, NULL, 2, 106, NULL, 103, NULL, 'Hegira', '1442-03-18', '578', '1', '1', '1', '0', '0', 'جميل جدا', NULL, NULL, '1', NULL, '151 – 160', '160 – 151', 'ابيض', 'صحى', 'اعذب', 'ضعيفة', 'مهندسة', 'مممم', 'حكومية', '12000 – 15000', NULL, '1', 0, '2020-11-30 14:48:58', '2020-11-09 11:47:40', '2020-11-30 14:48:58', '0', NULL),
(5, NULL, NULL, NULL, 2, 103, 102, 103, NULL, NULL, NULL, '35 - 30', '0', NULL, NULL, NULL, NULL, 'جميل جدا', 'عادى', 'لحية قصيرة', NULL, 'عالى', '50 – 60', '170 – 161', 'ابيض', 'صحى', 'منفصل', 'متوسطة', 'مهندس', 'ممممممممم', 'طالب', '9100 – 12000', NULL, '2', 0, '2020-12-13 16:17:18', '2020-11-09 11:48:32', '2020-12-13 16:17:18', '0', NULL),
(6, 'eslam', 'ahmed', 'hassan', 14, 103, 102, 102, 'اي حاجه', 'ميلادى', '1994-07-02', '26', '1', NULL, NULL, NULL, NULL, 'مقبول', 'ناعم', 'بدون لحية', '1', 'عالى', '50 – 60', '140 – 130', 'ابيض', 'صحى', 'اعذب', 'ضعيفة', 'اي حاجه', 'اي حاجه', 'طالب', '1 – 3000', 'اي حاجه', '1', 1, NULL, '2020-11-11 16:02:32', '2020-11-30 14:57:06', '0', NULL),
(7, NULL, NULL, NULL, 14, 102, NULL, 102, NULL, NULL, NULL, '23 - 18', '1', '1', '1', '1', '1', 'مقبول', NULL, NULL, '1', NULL, '50 – 60', '140 – 130', 'ابيض', 'صحى', 'اعذب', 'ضعيفة', 'اي حاجه', 'اي حاجه', 'طالب', '1 – 3000', NULL, '2', 0, NULL, '2020-11-11 16:03:11', '2020-11-11 16:03:11', '0', NULL),
(8, NULL, NULL, NULL, 13, 102, NULL, 102, NULL, 'ميلادى', '1994-07-02', '26', '1', '1', '1', '1', '1', 'مقبول', NULL, NULL, '1', NULL, '50 – 60', '140 – 130', 'ابيض', 'صحى', 'اعذب', 'ضعيفة', 'اي حاجه', 'اي حاجه', 'طالب', '1 – 3000', 'اي حاجه', '1', 0, '2020-11-30 14:49:18', '2020-11-11 16:04:22', '2020-11-30 14:49:18', '0', NULL),
(9, NULL, NULL, NULL, 13, 103, 102, 102, NULL, NULL, NULL, '29 - 24', '1', NULL, NULL, NULL, NULL, 'مقبول', 'ناعم', 'بدون لحية', '1', 'عالى', '50 – 60', '140 – 130', 'ابيض', 'صحى', 'اعذب', 'ضعيفة', 'اي حاجه', 'اي حاجه', 'طالب', '1 – 3000', NULL, '2', 1, NULL, '2020-11-11 16:05:50', '2020-11-19 15:11:25', '0', NULL),
(10, 'اسلام', 'احمد', 'حسن', 16, 103, 102, 102, 'الجيزه', 'ميلادى', '1994-02-07', '26', '1', NULL, NULL, NULL, NULL, 'مقبول', 'ناعم', 'بدون لحية', '1', 'عالى', '50 – 60', '140 – 130', 'ابيض', 'صحى', 'اعذب', 'ضعيفة', 'اي حاجه', 'اي حاجه', 'طالب', '1 – 3000', 'اي حاجه', '1', 0, NULL, '2020-11-12 08:41:17', '2020-11-12 08:41:17', '0', NULL),
(11, NULL, NULL, NULL, 15, 102, NULL, 102, NULL, 'ميلادى', '1998-10-07', '22', '1', '1', '1', '1', '1', 'مقبول', NULL, NULL, '1', NULL, '50 – 60', '140 – 130', 'ابيض', 'صحى', 'اعذب', 'ضعيفة', 'مهندسة', 'رواد', 'طالب', '1 – 3000', NULL, '1', 0, '2020-11-30 14:47:07', '2020-11-12 08:44:50', '2020-11-30 14:47:07', '0', NULL),
(12, NULL, NULL, NULL, 16, 102, NULL, 102, NULL, NULL, NULL, '23 - 18', '1', '1', '1', '1', '1', 'مقبول', NULL, NULL, '1', NULL, '50 – 60', '140 – 130', 'ابيض', 'صحى', 'اعذب', 'ضعيفة', 'مهندسة', 'رواد', 'طالب', '1 – 3000', NULL, '2', 1, NULL, '2020-11-12 08:45:44', '2020-11-12 08:52:44', '0', NULL),
(13, NULL, NULL, NULL, 15, 103, 102, 102, NULL, NULL, NULL, '29 - 24', 'غير مهم', NULL, NULL, NULL, NULL, 'مقبول', 'ناعم', 'بدون لحية', '1', 'عالى', '50 – 60', '140 – 130', 'ابيض', 'صحى', 'اعذب', 'ضعيفة', 'اي حاجة', 'اي حاجة', 'طالب', '1 – 3000', NULL, '2', 1, NULL, '2020-11-12 08:48:23', '2020-12-16 11:34:56', '0', NULL),
(14, 'ننن', 'تتت', 'ننممن', 17, 103, 102, 105, 'jjjj', 'ميلادى', '1990-10-10', '909', '1', NULL, NULL, NULL, NULL, 'مقبول', 'ناعم', 'بدون لحية', '1', 'عالى', '121 – 130', '140 – 130', 'قمحى', 'مريض', 'متزوج', 'اعذب', 'مهندس', 'رواد', 'خاصة', '6100 – 9000', NULL, '1', 0, NULL, '2020-11-15 14:54:20', '2020-11-15 14:54:20', '09092020664', NULL),
(15, 'lll', 'lll', 'lll', 18, 102, 102, 103, 'jjjj', 'ميلادى', '1990-10-10', '30', '1', NULL, NULL, NULL, NULL, 'مقبول', 'ناعم', 'بدون لحية', '1', 'عالى', '141 – 150', '150 – 141', 'بنى', 'صحى', 'متزوج', 'متوسطة', 'مهندسة', 'رواد', 'طالب', '3100 – 6000', NULL, '1', 0, '2020-11-30 14:47:30', '2020-11-15 15:00:03', '2020-11-30 14:47:30', '0302020573', NULL),
(16, 'dsadasd asdasd', 'dsadasd asdasd', 'dsadasd asdasd', 20, 103, 102, 103, 'dsadasd asdasd', 'ميلادى', '1989-07-27', '22-4', '0', NULL, NULL, NULL, NULL, 'جميل', 'خشن', 'لحية طويلة', '1', 'عالى', '81 – 90', '150 – 141', 'قمحى', 'مريض', 'منفصل', 'ممتازة', '31232', '123', 'حكومية', '6100 – 9000', '123123 123123123 12312 3123 213123 213', '2', 0, NULL, '2020-11-15 15:09:36', '2020-12-10 15:09:06', '0222020788', NULL),
(17, 'مممم', 'مممم', 'مممم', 19, 103, 102, 102, 'مممم', 'ميلادى', '1990-10-10', '26', '1', NULL, NULL, NULL, NULL, 'مقبول', 'ناعم', 'بدون لحية', '1', 'عالى', '61 – 70', '140 – 130', 'ابيض', 'صحى', 'متزوج', 'ضعيفة', 'مممم', 'مممم', 'حكومية', '1 – 3000', NULL, '1', 0, '2020-11-19 10:25:19', '2020-11-15 15:16:35', '2020-11-19 10:25:19', '0262020539', NULL),
(18, 'ttt', 'ttt', 'ttt', 22, 102, 102, 104, 'jjjj', 'ميلادى', '1990-10-10', '29', '1', NULL, NULL, NULL, NULL, 'مقبول', 'ناعم', 'لحية قصيرة', '1', 'عالى', '121 – 130', '160 – 151', 'اسود', 'مريض', 'متزوج', 'ضعيفة', 'اي حاجة', 'اي حاجة', 'حكومية', '3100 – 6000', NULL, '1', 0, '2020-11-18 18:12:08', '2020-11-18 18:07:12', '2020-11-18 18:12:08', '0292020961', NULL),
(19, 'مروة', 'mjjk', 'ikiii', 22, 103, 102, 103, 'jjjj', 'ميلادى', '1990-10-10', '29', '1', NULL, NULL, NULL, NULL, 'مقبول', 'ناعم', 'بدون لحية', '1', 'عالى', '71 – 80', '160 – 151', 'بنى', 'صحى', 'متزوج', 'ضعيفة', 'مهندسة', 'رواد', 'طالب', '6100 – 9000', 'kkkkkkkkk', '1', 0, '2020-11-18 18:25:40', '2020-11-18 18:25:18', '2020-11-18 18:25:40', '0292020206', NULL),
(20, NULL, NULL, NULL, 20, NULL, NULL, NULL, NULL, NULL, NULL, NULL, NULL, NULL, NULL, NULL, NULL, NULL, NULL, NULL, NULL, NULL, NULL, NULL, NULL, NULL, NULL, NULL, NULL, NULL, NULL, NULL, NULL, '2', 0, '2020-11-19 10:25:30', '2020-11-19 10:24:08', '2020-11-19 10:25:30', '0222020396', NULL),
(21, NULL, NULL, NULL, 20, NULL, NULL, NULL, NULL, NULL, NULL, NULL, NULL, NULL, NULL, NULL, NULL, NULL, NULL, NULL, NULL, NULL, NULL, NULL, NULL, NULL, NULL, NULL, NULL, NULL, NULL, NULL, NULL, '2', 0, '2020-11-19 10:26:07', '2020-11-19 10:25:53', '2020-11-19 10:26:07', '0222020330', NULL),
(22, 'Hassan Zohdy', 'Hassan Zohdy', 'Hassan Zohdy', 3, 104, 104, 107, 'Hassan Zohdy', 'ميلادى', '1999-07-14', '28', '0', NULL, NULL, NULL, NULL, 'مقبول', 'خشن', 'لحية طويلة', '1', 'طبيعى', '101 – 110', '200 – 191', 'بنى', 'مريض', 'منفصل', 'ممتازة', 'asd', 'sdasd', 'خاصة', '6100 – 9000', NULL, '1', 0, NULL, '2020-11-19 11:14:26', '2020-11-19 11:14:26', '0282020249', NULL),
(23, NULL, NULL, NULL, 22, 102, NULL, 102, NULL, 'ميلادى', '1998-10-07', '29', '1', '1', '1', '1', '1', 'مقبول', NULL, NULL, '1', NULL, '50 – 60', '140 – 130', 'ابيض', 'صحى', 'اعذب', 'ضعيفة', 'مهندسة', 'رواد', 'طالب', '1 – 3000', 'مممممم', '1', 0, NULL, '2020-11-19 13:55:38', '2020-11-19 13:55:38', '0292020336', NULL),
(24, 'اسلام', 'احمد', 'البطراوى', 25, 102, 102, 102, 'الرياض', 'ميلادى', '1994-02-07', '26', '1', NULL, NULL, NULL, NULL, 'مقبول', 'ناعم', 'بدون لحية', '1', 'عالى', '50 – 60', '140 – 130', 'ابيض', 'صحى', 'اعذب', 'ضعيفة', 'بدون', 'بدون', 'طالب', '1 – 3000', NULL, '1', 0, NULL, '2020-11-19 13:57:01', '2020-11-19 13:57:01', '0262020689', NULL),
(25, NULL, NULL, NULL, 22, 102, 102, 102, NULL, NULL, NULL, '29 - 24', '1', NULL, NULL, NULL, NULL, 'مقبول', 'ناعم', 'بدون لحية', '1', 'عالى', '50 – 60', '140 – 130', 'ابيض', 'صحى', 'اعذب', 'ضعيفة', 'بدون', 'بدون', 'طالب', '1 – 3000', NULL, '2', 1, NULL, '2020-11-19 13:58:49', '2020-11-19 14:41:12', '0292020478', NULL),
(26, NULL, NULL, NULL, 25, 102, NULL, 102, NULL, NULL, NULL, '23 - 18', '1', '1', '1', '1', '1', 'مقبول', NULL, NULL, '1', NULL, '50 – 60', '140 – 130', 'ابيض', 'صحى', 'اعذب', 'ضعيفة', 'مهندسة', 'رواد', 'طالب', '1 – 3000', NULL, '2', 1, NULL, '2020-11-19 13:58:57', '2020-11-19 14:02:32', '0262020596', NULL),
(27, 'eslam', 'ahmed', 'elbatrawy', 26, 103, 102, 102, 'الجيزه', 'ميلادى', '1994-02-07', '26', '1', NULL, NULL, NULL, NULL, 'مقبول', 'ناعم', 'بدون لحية', '1', 'عالى', '50 – 60', '140 – 130', 'ابيض', 'صحى', 'اعذب', 'ضعيفة', 'مهندس', 'رواد', 'طالب', '1 – 3000', 'مهندس جوده', '1', 1, NULL, '2020-11-23 12:23:01', '2020-12-02 10:28:03', '0262020298', NULL),
(28, NULL, NULL, NULL, 26, 103, NULL, 102, NULL, NULL, NULL, '29 - 24', '1', '1', '1', '1', '1', 'مقبول', NULL, NULL, '1', NULL, '50 – 60', '140 – 130', 'ابيض', 'صحى', 'اعذب', 'ضعيفة', 'مهندسه', 'رواد', 'طالب', '1 – 3000', NULL, '2', 1, NULL, '2020-11-23 12:23:54', '2020-11-23 12:27:58', '0262020371', NULL),
(29, NULL, NULL, NULL, 27, 103, NULL, 102, NULL, 'ميلادى', '1994-02-07', '26', '1', '1', '1', '1', '1', 'مقبول', NULL, NULL, '1', NULL, '50 – 60', '140 – 130', 'ابيض', 'صحى', 'اعذب', 'ضعيفة', 'مهندسه', 'رواد', 'طالب', '1 – 3000', 'مهندسه برواد', '1', 1, NULL, '2020-11-23 12:25:52', '2020-11-25 12:51:11', '0262020953', NULL),
(30, NULL, NULL, NULL, 27, 103, 102, 102, NULL, NULL, NULL, '29 - 24', '1', NULL, NULL, NULL, NULL, 'مقبول', 'ناعم', 'بدون لحية', '1', 'عالى', '50 – 60', '140 – 130', 'ابيض', 'صحى', 'اعذب', 'ضعيفة', 'مهندس', 'رواد', 'طالب', '1 – 3000', NULL, '2', 1, NULL, '2020-11-23 12:26:29', '2020-11-23 12:28:01', '0262020763', NULL),
(31, NULL, NULL, NULL, 15, 102, NULL, 102, NULL, 'ميلادى', '1998-10-07', '22', '1', '1', '1', '1', '1', 'مقبول', NULL, NULL, '1', NULL, '50 – 60', '140 – 130', 'ابيض', 'صحى', 'اعذب', 'ضعيفة', 'مهندسة', 'رواد', 'طالب', '1 – 3000', NULL, '1', 0, '2020-11-30 14:47:22', '2020-11-12 08:44:50', '2020-11-30 14:47:22', '0', NULL),
(32, 'جمعية', 'الوفاق', 'الأسرية', 6, 102, 102, 102, 'بريدة', 'ميلادى', '2000-03-27', '20', '1', NULL, NULL, NULL, NULL, 'مقبول', 'ناعم', 'لحية طويلة', '0', 'عالى', '61 – 70', '150 – 141', 'قمحى', 'صحى', 'متزوج', 'ضعيفة', 'اداري', 'جمعية', 'حكومية', '9100 – 12000', 'dxxfgxfggxxdd', '1', 0, '2020-11-30 14:49:37', '2020-11-30 14:13:42', '2020-11-30 14:49:37', '0202020869', NULL),
(33, NULL, NULL, NULL, 6, 102, NULL, 102, NULL, NULL, NULL, '35 - 30', '1', '1', '1', '1', '1', 'مقبول', NULL, NULL, '0', NULL, '121 – 130', '160 – 151', 'black', 'صحى', 'مطلق', 'متوسطة', 'zxzxc', 'جمعية', 'حكومى', '3100 – 6000', NULL, '2', 0, NULL, '2020-11-30 14:14:49', '2020-11-30 14:14:49', '0202020725', NULL),
(34, 'test', 'test', 'test', 32, 103, 104, 107, 'test', 'ميلادى', '1988-12-02', '30', '0', NULL, NULL, NULL, NULL, 'جميل', 'ناعم', 'لحية طويلة', '0', 'عالى', '71 – 80', '190 – 181', 'قمحى', 'صحى', 'اعذب', 'ممتازة', 'test', 'test', 'خاصة', '12000 – 15000', NULL, '1', 0, NULL, '2020-11-30 14:53:48', '2020-11-30 14:53:48', '0302020901', NULL),
(35, NULL, NULL, NULL, 32, 102, NULL, 102, NULL, NULL, NULL, '23 - 18', '1', '1', '1', '1', '1', 'مقبول', NULL, NULL, '1', NULL, '50 – 60', '170 – 161', 'قمحى', 'صحى', 'اعذب', 'ممتازة', 'test', 'test', 'خاص', '3100 – 6000', NULL, '2', 0, NULL, '2020-11-30 14:55:04', '2020-11-30 14:55:04', '0302020899', NULL),
(36, 'ahmed', 'hassan', 'elbatrawy', 33, 103, 102, 102, 'الجيزه', 'ميلادى', '1994-07-02', '70', '1', NULL, NULL, NULL, NULL, 'مقبول', 'ناعم', 'بدون لحية', '1', 'عالى', '50 – 60', '140 – 130', 'ابيض', 'صحى', 'اعذب', 'ضعيفة', 'مهندس', 'رواد', 'طالب', '1 – 3000', NULL, '1', 0, NULL, '2020-12-02 10:00:58', '2020-12-02 10:00:58', '0702020261', NULL),
(37, NULL, NULL, NULL, 33, 103, NULL, 102, NULL, NULL, NULL, '29 - 24', '1', '1', '1', '1', '1', 'مقبول', NULL, NULL, '1', NULL, '50 – 60', '140 – 130', 'ابيض', 'صحى', 'اعذب', 'ضعيفة', 'مهندسة', 'رواد', 'طالب', '1 – 3000', NULL, '2', 1, NULL, '2020-12-02 10:01:37', '2020-12-02 10:13:47', '0702020714', NULL),
(38, NULL, NULL, NULL, 34, 103, NULL, 102, NULL, 'ميلادى', '1994-07-02', '26', '1', '1', '1', '1', '1', 'مقبول', NULL, NULL, '1', NULL, '50 – 60', '140 – 130', 'ابيض', 'صحى', 'اعذب', 'ضعيفة', 'مهندسة', 'رواد', 'طالب', '1 – 3000', NULL, '1', 1, NULL, '2020-12-02 10:04:05', '2020-12-02 10:15:48', '0262020499', NULL),
(39, NULL, NULL, NULL, 34, 103, 102, 102, NULL, NULL, NULL, '29 - 24', '1', NULL, NULL, NULL, NULL, 'مقبول', 'ناعم', 'بدون لحية', '1', 'عالى', '50 – 60', '140 – 130', 'ابيض', 'صحى', 'اعذب', 'ضعيفة', 'مهندس', 'رواد', 'طالب', '1 – 3000', NULL, '2', 1, NULL, '2020-12-02 10:04:37', '2020-12-02 10:27:49', '0262020814', NULL),
(40, 'test', 'test', 'test', 40, 105, 105, 106, 'test', 'ميلادى', '1995-03-08', '32', '0', NULL, NULL, NULL, NULL, 'مقبول', 'ناعم', 'لحية طويلة', '0', 'متوسط', '50 – 60', '180 – 171', 'قمحى', 'مريض', 'اعذب', 'اعذب', 'test', 'test', 'خاصة', '6100 – 9000', 'ttttttttttt', '1', 0, '2020-12-08 17:05:57', '2020-12-08 16:07:10', '2020-12-08 17:05:57', '0322020161', 'test'),
(41, 'test', 'test', 'test', 40, 104, 102, 102, 'test', 'ميلادى', '1995-06-08', '32', '0', NULL, NULL, NULL, NULL, 'جميل', 'ناعم', 'لحية قصيرة', '0', 'طبيعى', '61 – 70', '170 – 161', 'ابيض', 'مريض', 'متزوج', 'ضعيفة', 'test', 'test', 'حكومية', '12000 – 15000', NULL, '1', 0, '2020-12-09 10:36:28', '2020-12-08 17:42:12', '2020-12-09 10:36:28', '0322020248', 'test'),
(42, NULL, NULL, NULL, 3, 103, NULL, 102, NULL, NULL, NULL, '29 - 24', '0', '1', '1', '1', '1', 'جميل', NULL, NULL, '0', NULL, '71 – 80', '170 – 161', 'ابيض', 'صحى', 'ارمل مع اولاد', 'ضعيفة', 'eqwe', 'qqq', 'بدون عمل', '9100 – 12000', NULL, '2', 0, NULL, '2020-12-10 14:59:21', '2020-12-10 14:59:21', '0282020489', NULL),
(43, 'test', 'test', 'test', 40, 104, 102, 105, 'test', 'ميلادى', '1990-03-02', '32', '0', NULL, NULL, NULL, NULL, 'جميل جدا', 'عادى', 'لحية طويلة', '0', 'متوسط', '91 – 100', '170 – 161', 'قمحى', 'صحى', 'اعذب', 'ضعيفة', 'test', 'test', 'حكومية', '6100 – 9000', NULL, '1', 0, '2020-12-13 08:53:40', '2020-12-10 16:32:43', '2020-12-13 08:53:40', '0322020536', NULL),
(44, NULL, NULL, NULL, 40, 103, NULL, 103, NULL, NULL, NULL, '41 - 36', '0', '0', '0', '0', '0', 'جميل', NULL, NULL, '0', NULL, '61 – 70', '170 – 161', 'قمحى', 'صحى', 'اعذب', 'ضعيفة', 'test', 'test', 'حكومى', '6100 – 9000', NULL, '2', 0, '2020-12-16 11:22:22', '2020-12-10 16:33:20', '2020-12-16 11:22:22', '0322020111', NULL),
(45, 'test', 'test', 'test', 40, 102, 102, 103, 'test', 'ميلادى', '1990-03-04', '32', '0', NULL, NULL, NULL, NULL, 'جميل', 'عادى', 'بدون لحية', '0', 'متوسط', '61 – 70', '170 – 161', 'قمحى', 'صحى', 'اعذب', 'ضعيفة', 'test', 'test', 'طالب', '6100 – 9000', NULL, '1', 0, '2020-12-13 08:56:47', '2020-12-13 08:55:55', '2020-12-13 08:56:47', '0322020904', NULL),
(46, 'test', 'test', 'test', 40, 103, 102, 102, 'test', 'ميلادى', '1992-05-02', '32', '0', NULL, NULL, NULL, NULL, 'جميل', 'عادى', 'لحية طويلة', '0', 'طبيعى', '101 – 110', '180 – 171', 'اسود', 'صحى', 'اعذب', 'ضعيفة', 'test', 'test', 'طالب', '3100 – 6000', NULL, '1', 0, '2020-12-13 13:47:11', '2020-12-13 08:58:31', '2020-12-13 13:47:11', '0322020146', NULL),
(47, NULL, NULL, NULL, 2, 102, NULL, 103, NULL, 'ميلادى', '1998-07-07', '30', '1', '1', '1', '1', '1', 'مقبول', NULL, NULL, '1', NULL, '71 – 80', '150 – 141', 'بنى', 'صحى', 'منفصل', 'متوسطة', 'مهندسة', 'مممم', 'طالب', '6100 – 9000', 'متابسيمتلاسعهلس', '1', 0, '2020-12-13 16:17:18', '2020-12-13 10:36:41', '2020-12-13 16:17:18', '0302020770', NULL),
(48, NULL, NULL, NULL, 15, 103, NULL, 102, NULL, 'ميلادى', '1972-11-16', '30', '0', '0', '1', '1', '1', 'مقبول', NULL, NULL, '1', NULL, '61 – 70', '170 – 161', 'ابيض', 'صحى', 'اعذب', 'متوسطة', 'mmmm', 'ممممممممم', 'طالب', '12000 – 15000', NULL, '1', 0, NULL, '2020-12-13 10:38:08', '2020-12-16 11:35:17', '0302020150', NULL),
(49, NULL, NULL, NULL, 41, 103, NULL, 103, NULL, 'ميلادى', '1981-07-12', '22', '1', '1', '1', '1', '1', 'مقبول', NULL, NULL, '1', NULL, '61 – 70', '150 – 141', 'قمحى', 'صحى', 'منفصل', 'متوسطة', 'مهندسة', 'ممممممممم', 'حكومية', '12000 – 15000', NULL, '1', 0, NULL, '2020-12-13 11:24:39', '2020-12-13 11:24:39', '0222020234', NULL),
(50, 'test', 'test', 'test', 40, 105, 104, 102, 'test', 'ميلادى', '1988-02-03', '32', '0', NULL, NULL, NULL, NULL, 'جميل جدا', 'عادى', 'لحية طويلة', '0', 'عادى', '61 – 70', '180 – 171', 'اسود', 'مريض', 'اعذب', 'ممتازة', 'test', 'test', 'حكومى', '6100 – 9000', NULL, '1', 0, '2020-12-16 11:22:22', '2020-12-16 11:21:49', '2020-12-16 11:22:22', '0322020821', 'test'),
(51, 'test', 'test', 'test', 40, 103, 102, 102, 'test', 'ميلادى', '1974-01-29', '32', '0', NULL, NULL, NULL, NULL, 'جميل جدا', 'عادى', 'بدون لحية', '0', 'عادى', '50 – 60', '140 – 130', 'ابيض', 'صحى', 'اعذب', 'ممتازة جدا', 'test', 'test', 'طالب', '6100 – 9000', NULL, '1', 0, '2020-12-16 11:42:41', '2020-12-16 11:23:39', '2020-12-16 11:42:41', '0322020988', NULL),
(52, NULL, NULL, NULL, 40, 103, NULL, 104, NULL, NULL, NULL, '41 - 36', 'غير مهم', 'غير مهم', 'غير مهم', 'غير مهم', 'غير مهم', 'غير مهم', NULL, NULL, 'غير مهم', NULL, '61 – 70', '140 – 130', 'ابيض', 'صحى', 'مطلق', 'ضعيفة', 'test', 'test', 'خاص', '12000 – 15000', NULL, '2', 0, '2020-12-16 11:42:41', '2020-12-16 11:41:19', '2020-12-16 11:42:41', '0322020565', NULL),
(53, 'test', 'test', 'test', 40, 104, 102, 102, 'test', 'ميلادى', '1993-05-02', '32', '0', NULL, NULL, NULL, NULL, 'جميل جدا', 'عادى', 'لحية طويلة', '0', 'عادى', '50 – 60', '140 – 130', 'بنى', 'مريض', 'اعذب', 'متوسطة', 'test', 'test', 'خاص', '3100 – 6000', NULL, '1', 0, NULL, '2020-12-16 13:31:39', '2020-12-16 16:19:41', '0322020439', NULL),
(54, NULL, NULL, NULL, 40, 106, NULL, 107, NULL, NULL, NULL, '53 - 48', 'غير مهم', 'غير مهم', 'غير مهم', 'غير مهم', 'غير مهم', 'جميل جدا', NULL, NULL, 'غير مهم', NULL, '101 – 110', '170 – 161', 'غير مهم', 'مريض', 'غير مهم', 'غير مهم', 'test', 'test', 'بدون عمل', 'غير مهم', NULL, '2', 0, NULL, '2020-12-16 14:12:31', '2020-12-16 16:16:28', '0322020819', NULL);

-- --------------------------------------------------------

--
-- Table structure for table `match_requests`
--

CREATE TABLE `match_requests` (
  `id` bigint(20) UNSIGNED NOT NULL,
  `user_id` bigint(20) UNSIGNED DEFAULT NULL,
  `request_id` bigint(20) UNSIGNED NOT NULL,
  `match_request_id` bigint(20) UNSIGNED NOT NULL,
  `deleted_at` timestamp NULL DEFAULT NULL,
  `created_at` timestamp NOT NULL DEFAULT CURRENT_TIMESTAMP,
  `updated_at` timestamp NOT NULL DEFAULT CURRENT_TIMESTAMP ON UPDATE CURRENT_TIMESTAMP,
  `status` tinyint(4) DEFAULT '0'
) ENGINE=MyISAM DEFAULT CHARSET=utf8mb4 COLLATE=utf8mb4_unicode_ci;

--
-- Dumping data for table `match_requests`
--

INSERT INTO `match_requests` (`id`, `user_id`, `request_id`, `match_request_id`, `deleted_at`, `created_at`, `updated_at`, `status`) VALUES
(1, 15, 13, 6, NULL, '2020-11-12 08:49:22', '2020-11-12 08:49:22', 0),
(2, 16, 12, 11, NULL, '2020-11-12 08:52:44', '2020-11-12 08:52:44', 0),
(3, 16, 12, 11, NULL, '2020-11-12 08:52:48', '2020-11-12 08:52:48', 0),
(4, 16, 12, 11, NULL, '2020-11-12 08:53:39', '2020-11-12 08:53:39', 0),
(5, 16, 12, 11, NULL, '2020-11-12 08:53:41', '2020-11-12 08:53:41', 0),
(6, 15, 13, 6, NULL, '2020-11-15 09:31:58', '2020-11-30 15:08:39', 2),
(7, 16, 12, 11, NULL, '2020-11-18 10:53:53', '2020-11-18 10:53:53', 0),
(8, 25, 26, 11, NULL, '2020-11-19 14:02:32', '2020-11-19 14:02:32', 0),
(9, 22, 25, 24, NULL, '2020-11-19 14:41:12', '2020-11-19 14:41:12', 0),
(10, 13, 9, 6, NULL, '2020-11-19 15:11:25', '2020-11-19 15:11:25', 0),
(11, 13, 9, 6, NULL, '2020-11-19 15:15:01', '2020-11-19 15:15:01', 0),
(12, 13, 9, 10, NULL, '2020-11-19 15:19:24', '2020-11-19 15:19:24', 0),
(13, 25, 26, 11, NULL, '2020-11-19 15:24:48', '2020-11-19 15:24:48', 0),
(14, 25, 26, 11, NULL, '2020-11-22 09:41:12', '2020-11-22 09:41:12', 0),
(15, 25, 26, 11, NULL, '2020-11-22 09:41:53', '2020-11-22 09:41:53', 0),
(16, 26, 28, 29, NULL, '2020-11-23 12:27:58', '2020-11-23 12:27:58', 0),
(17, 27, 30, 27, NULL, '2020-11-23 12:28:01', '2020-11-23 12:28:01', 0),
(18, 26, 28, 29, NULL, '2020-11-23 12:39:22', '2020-11-26 13:03:56', 2),
(19, 33, 37, 38, NULL, '2020-12-02 10:13:47', '2020-12-02 10:16:10', 0),
(20, 34, 39, 27, NULL, '2020-12-02 10:27:49', '2020-12-02 10:28:03', 2);

-- --------------------------------------------------------

--
-- Table structure for table `migrations`
--

CREATE TABLE `migrations` (
  `id` int(10) UNSIGNED NOT NULL,
  `migration` varchar(191) COLLATE utf8mb4_unicode_ci NOT NULL,
  `batch` int(11) NOT NULL
) ENGINE=MyISAM DEFAULT CHARSET=utf8mb4 COLLATE=utf8mb4_unicode_ci;

--
-- Dumping data for table `migrations`
--

INSERT INTO `migrations` (`id`, `migration`, `batch`) VALUES
(1, '2014_10_12_100000_create_password_resets_table', 1),
(2, '2019_08_19_000000_create_failed_jobs_table', 1),
(3, '2019_12_27_154521_create_admins_table', 1),
(4, '2020_02_27_120058_create_activity_log_table', 1),
(5, '2020_09_14_160609_create_settings_table', 1),
(6, '2020_09_14_161359_create_permission_tables', 1),
(7, '2020_09_20_125413_create_sliders_table', 1),
(8, '2020_09_21_195115_create_pages_table', 1),
(9, '2020_09_28_100000_create_password_resets_admin_table', 1),
(10, '2020_10_19_191252_create_administratives_table', 1),
(11, '2020_10_19_192601_create_news_categories_table', 1),
(12, '2020_10_19_192638_create_news_table', 1),
(13, '2020_10_19_194250_create_albums_table', 1),
(14, '2020_10_19_194759_create_album_images_table', 1),
(15, '2020_10_19_195036_create_videos_table', 1),
(16, '2020_10_19_195634_create_jobs_table', 1),
(17, '2020_10_19_200348_create_job_applications_table', 1),
(18, '2020_10_19_202034_create_sadakat_table', 1),
(19, '2020_10_19_202826_create_zakah_table', 1),
(20, '2020_10_19_203447_create_ashom_table', 1),
(21, '2020_10_19_204911_create_users_table', 1),
(22, '2020_10_19_204912_create_contact_us_table', 1),
(23, '2020_10_19_210322_create_help_requests_table', 1),
(24, '2020_10_19_210917_create_help_request_items_table', 1),
(25, '2020_10_20_104800_create_attributes_table', 1),
(26, '2020_10_20_105044_create_attribute_values_table', 1),
(27, '2020_10_20_113231_create_cities_table', 1),
(28, '2020_10_20_113248_create_qualifications_table', 1),
(29, '2020_10_20_114403_create_nationalities_table', 1),
(30, '2020_10_20_114704_create_marriage_requests_table', 1),
(42, '2020_10_21_091842_add_slug_to_news_categories_table', 4),
(41, '2020_10_21_083524_add_slug_to_news_table', 3),
(33, '2020_10_25_150019_create_items_table', 1),
(34, '2020_10_27_151026_create_cart_table', 1),
(35, '2020_10_29_121551_create_match_requests_table', 1),
(36, '2020_11_03_113102_create_orders_table', 1),
(37, '2020_11_03_114353_create_order_items_table', 1),
(38, '2020_11_03_114411_create_transfers_table', 1),
(39, '2020_11_03_172607_edit_help_requests_set_status_default_value', 2),
(40, '2020_11_04_183036_change_cart_item_id_column', 2),
(43, '2020_11_05_115933_change_order_items_item_id_column', 5),
(44, '2020_11_09_181330_add_status_to_match_requests', 6),
(45, '2020_11_15_111130_add_unique_id_to_marriage_requests_table', 6),
(46, '2020_11_17_110615_add_item_name_to_order_items_table', 7),
(47, '2020_11_17_113115_change_total_length_in_orders_table', 7),
(48, '2020_11_17_141718_create_services_table', 7),
(49, '2020_11_17_151441_add_slug_to_services_table', 7),
(50, '2020_11_17_165213_add_image_to_videos_table', 7),
(51, '2020_11_18_103945_add_image_to_albums_table', 8),
(52, '2020_11_19_121903_change_value_request_length_in_help_requests_table', 9),
(53, '2020_11_19_145008_change_price_length_in_ashom_table', 10),
(54, '2020_11_24_114204_create_information_table', 11),
(55, '2020_11_24_140939_add_title_to_sliders_table', 11),
(56, '2020_11_24_141029_add_content_to_sliders_table', 11),
(57, '2020_12_02_120434_add_disease_to_marriage_requests_table', 12),
(58, '2020_12_02_124738_add_status_to_users_table', 12),
(59, '2020_12_02_134201_add_token_to_users_table', 12),
(60, '2020_12_07_173407_create_partners_table', 13),
(61, '2020_12_07_181659_create_reports_table', 13),
(62, '2020_12_09_124942_create_systems_table', 14);

-- --------------------------------------------------------

--
-- Table structure for table `model_has_permissions`
--

CREATE TABLE `model_has_permissions` (
  `permission_id` bigint(20) UNSIGNED NOT NULL,
  `model_type` varchar(191) COLLATE utf8mb4_unicode_ci NOT NULL,
  `model_id` bigint(20) UNSIGNED NOT NULL
) ENGINE=MyISAM DEFAULT CHARSET=utf8mb4 COLLATE=utf8mb4_unicode_ci;

--
-- Dumping data for table `model_has_permissions`
--

INSERT INTO `model_has_permissions` (`permission_id`, `model_type`, `model_id`) VALUES
(1, 'App\\Models\\Admin', 1),
(2, 'App\\Models\\Admin', 1),
(3, 'App\\Models\\Admin', 1),
(4, 'App\\Models\\Admin', 1),
(5, 'App\\Models\\Admin', 1),
(6, 'App\\Models\\Admin', 1),
(7, 'App\\Models\\Admin', 1),
(8, 'App\\Models\\Admin', 1),
(9, 'App\\Models\\Admin', 1),
(10, 'App\\Models\\Admin', 1),
(11, 'App\\Models\\Admin', 1),
(12, 'App\\Models\\Admin', 1),
(13, 'App\\Models\\Admin', 1),
(14, 'App\\Models\\Admin', 1),
(15, 'App\\Models\\Admin', 1),
(16, 'App\\Models\\Admin', 1),
(17, 'App\\Models\\Admin', 1),
(18, 'App\\Models\\Admin', 1),
(19, 'App\\Models\\Admin', 1),
(20, 'App\\Models\\Admin', 1),
(21, 'App\\Models\\Admin', 1),
(22, 'App\\Models\\Admin', 1),
(23, 'App\\Models\\Admin', 1),
(24, 'App\\Models\\Admin', 1),
(25, 'App\\Models\\Admin', 1),
(26, 'App\\Models\\Admin', 1),
(27, 'App\\Models\\Admin', 1),
(28, 'App\\Models\\Admin', 1),
(29, 'App\\Models\\Admin', 1),
(30, 'App\\Models\\Admin', 1),
(31, 'App\\Models\\Admin', 1),
(32, 'App\\Models\\Admin', 1),
(33, 'App\\Models\\Admin', 1),
(34, 'App\\Models\\Admin', 1),
(35, 'App\\Models\\Admin', 1),
(36, 'App\\Models\\Admin', 1),
(37, 'App\\Models\\Admin', 1),
(38, 'App\\Models\\Admin', 1),
(39, 'App\\Models\\Admin', 1),
(40, 'App\\Models\\Admin', 1),
(41, 'App\\Models\\Admin', 1),
(42, 'App\\Models\\Admin', 1),
(43, 'App\\Models\\Admin', 1),
(44, 'App\\Models\\Admin', 1),
(45, 'App\\Models\\Admin', 1),
(46, 'App\\Models\\Admin', 1),
(47, 'App\\Models\\Admin', 1),
(48, 'App\\Models\\Admin', 1),
(49, 'App\\Models\\Admin', 1),
(50, 'App\\Models\\Admin', 1),
(51, 'App\\Models\\Admin', 1),
(52, 'App\\Models\\Admin', 1),
(53, 'App\\Models\\Admin', 1),
(54, 'App\\Models\\Admin', 1),
(55, 'App\\Models\\Admin', 1),
(56, 'App\\Models\\Admin', 1),
(57, 'App\\Models\\Admin', 1),
(58, 'App\\Models\\Admin', 1),
(59, 'App\\Models\\Admin', 1),
(60, 'App\\Models\\Admin', 1),
(61, 'App\\Models\\Admin', 1),
(62, 'App\\Models\\Admin', 1),
(63, 'App\\Models\\Admin', 1),
(64, 'App\\Models\\Admin', 1),
(65, 'App\\Models\\Admin', 1),
(66, 'App\\Models\\Admin', 1),
(67, 'App\\Models\\Admin', 1),
(68, 'App\\Models\\Admin', 1),
(69, 'App\\Models\\Admin', 1),
(70, 'App\\Models\\Admin', 1),
(71, 'App\\Models\\Admin', 1),
(72, 'App\\Models\\Admin', 1),
(73, 'App\\Models\\Admin', 1),
(74, 'App\\Models\\Admin', 1),
(75, 'App\\Models\\Admin', 1),
(76, 'App\\Models\\Admin', 1),
(77, 'App\\Models\\Admin', 1),
(78, 'App\\Models\\Admin', 1),
(79, 'App\\Models\\Admin', 1),
(80, 'App\\Models\\Admin', 1),
(81, 'App\\Models\\Admin', 1),
(82, 'App\\Models\\Admin', 1),
(83, 'App\\Models\\Admin', 1);

-- --------------------------------------------------------

--
-- Table structure for table `model_has_roles`
--

CREATE TABLE `model_has_roles` (
  `role_id` bigint(20) UNSIGNED NOT NULL,
  `model_type` varchar(191) COLLATE utf8mb4_unicode_ci NOT NULL,
  `model_id` bigint(20) UNSIGNED NOT NULL
) ENGINE=MyISAM DEFAULT CHARSET=utf8mb4 COLLATE=utf8mb4_unicode_ci;

--
-- Dumping data for table `model_has_roles`
--

INSERT INTO `model_has_roles` (`role_id`, `model_type`, `model_id`) VALUES
(1, 'App\\Models\\Admin', 1),
(1, 'App\\Models\\Admin', 2);

-- --------------------------------------------------------

--
-- Table structure for table `nationalities`
--

CREATE TABLE `nationalities` (
  `id` bigint(20) UNSIGNED NOT NULL,
  `name` varchar(191) COLLATE utf8mb4_unicode_ci NOT NULL,
  `deleted_at` timestamp NULL DEFAULT NULL,
  `created_at` timestamp NOT NULL DEFAULT CURRENT_TIMESTAMP,
  `updated_at` timestamp NOT NULL DEFAULT CURRENT_TIMESTAMP ON UPDATE CURRENT_TIMESTAMP
) ENGINE=MyISAM DEFAULT CHARSET=utf8mb4 COLLATE=utf8mb4_unicode_ci;

--
-- Dumping data for table `nationalities`
--

INSERT INTO `nationalities` (`id`, `name`, `deleted_at`, `created_at`, `updated_at`) VALUES
(1, 'مصرى', '2020-11-04 14:15:05', '2020-11-03 14:06:22', '2020-11-04 14:15:05'),
(2, 'عبدالقادر السالم', '2020-11-04 14:10:00', '2020-11-03 15:02:30', '2020-11-04 14:10:00'),
(3, 'فريد الجريد', '2020-11-04 14:14:19', '2020-11-03 15:02:30', '2020-11-04 14:14:19'),
(4, 'ميناس الحارث معن الصامل', '2020-11-04 14:14:24', '2020-11-03 15:02:30', '2020-11-04 14:14:24'),
(5, 'هنا العرفج', '2020-11-04 14:14:26', '2020-11-03 15:02:30', '2020-11-04 14:14:26'),
(6, 'كفاح الحنتوشي', '2020-11-04 14:14:33', '2020-11-03 15:02:30', '2020-11-04 14:14:33'),
(7, 'شيرين الشهيل', '2020-11-04 14:14:36', '2020-11-03 15:02:30', '2020-11-04 14:14:36'),
(8, 'الآنسة أميرة العسكر', '2020-11-04 14:14:38', '2020-11-03 15:02:30', '2020-11-04 14:14:38'),
(9, 'حنين السالم', '2020-11-04 14:14:40', '2020-11-03 15:02:30', '2020-11-04 14:14:40'),
(10, 'يوسف الصقير', '2020-11-04 14:14:16', '2020-11-03 15:02:30', '2020-11-04 14:14:16'),
(11, 'سدين العتيبي', '2020-11-04 14:14:12', '2020-11-03 15:02:30', '2020-11-04 14:14:12'),
(12, 'مؤثر الداوود', '2020-11-04 14:14:09', '2020-11-03 15:02:30', '2020-11-04 14:14:09'),
(13, 'غدير القحطاني', '2020-11-04 14:14:06', '2020-11-03 15:02:30', '2020-11-04 14:14:06'),
(14, 'مريم هوساوي', '2020-11-04 14:14:02', '2020-11-03 15:02:30', '2020-11-04 14:14:02'),
(15, 'زينا الأحمري', '2020-11-04 14:13:58', '2020-11-03 15:02:30', '2020-11-04 14:13:58'),
(16, 'السيدة نائله العمرو', '2020-11-04 14:13:55', '2020-11-03 15:02:30', '2020-11-04 14:13:55'),
(17, 'فادية سري سقا', '2020-11-04 14:13:51', '2020-11-03 15:02:30', '2020-11-04 14:13:51'),
(18, 'حمدالله هلال يشار باشا', '2020-11-04 14:13:49', '2020-11-03 15:02:30', '2020-11-04 14:13:49'),
(19, 'حنان الجهني', '2020-11-04 14:13:52', '2020-11-03 15:02:30', '2020-11-04 14:13:52'),
(20, 'رعد الشهري', '2020-11-04 14:13:57', '2020-11-03 15:02:30', '2020-11-04 14:13:57'),
(21, 'غالب السالم', '2020-11-04 14:14:00', '2020-11-03 15:02:30', '2020-11-04 14:14:00'),
(22, 'هذال سائد العنزي', '2020-11-04 14:14:04', '2020-11-03 15:02:30', '2020-11-04 14:14:04'),
(23, 'سعيد عبد الرحمان السعيد', '2020-11-04 14:14:07', '2020-11-03 15:02:30', '2020-11-04 14:14:07'),
(24, 'رنيم صفوان جعفر الحنتوشي', '2020-11-04 14:14:11', '2020-11-03 15:02:30', '2020-11-04 14:14:11'),
(25, 'مها الداوود', '2020-11-04 14:14:14', '2020-11-03 15:02:30', '2020-11-04 14:14:14'),
(26, 'الدكتورة دالية السيف', '2020-11-04 14:14:42', '2020-11-03 15:02:30', '2020-11-04 14:14:42'),
(27, 'سالم المشيقح', '2020-11-04 14:13:46', '2020-11-03 15:02:30', '2020-11-04 14:13:46'),
(28, 'نواف الحنتوشي', '2020-11-04 14:13:42', '2020-11-03 15:02:30', '2020-11-04 14:13:42'),
(29, 'هديل مسلم اويس هوساوي', '2020-11-04 14:13:40', '2020-11-03 15:02:30', '2020-11-04 14:13:40'),
(30, 'خلف السماري', '2020-11-04 14:13:38', '2020-11-03 15:02:30', '2020-11-04 14:13:38'),
(31, 'ميادة مكي', '2020-11-04 14:13:33', '2020-11-03 15:02:30', '2020-11-04 14:13:33'),
(32, 'عبد الرحيم شريف مكي', '2020-11-04 14:13:29', '2020-11-03 15:02:30', '2020-11-04 14:13:29'),
(33, 'عبدالرحيم مأمون الخالدي', '2020-11-04 14:13:26', '2020-11-03 15:02:30', '2020-11-04 14:13:26'),
(34, 'الدكتورة مديحة السهلي', '2020-11-04 14:13:21', '2020-11-03 15:02:30', '2020-11-04 14:13:21'),
(35, 'عنود بسام الفدا', '2020-11-04 14:13:16', '2020-11-03 15:02:30', '2020-11-04 14:13:16'),
(36, 'سميرة برماوي', '2020-11-04 14:13:10', '2020-11-03 15:02:30', '2020-11-04 14:13:10'),
(37, 'رباب الفدا', '2020-11-04 14:13:06', '2020-11-03 15:02:30', '2020-11-04 14:13:06'),
(38, 'السيدة شروق الشيباني', '2020-11-04 14:13:04', '2020-11-03 15:02:30', '2020-11-04 14:13:04'),
(39, 'عبد الفتاح العتيبي', '2020-11-04 14:13:00', '2020-11-03 15:02:30', '2020-11-04 14:13:00'),
(40, 'بدوان الشيباني', '2020-11-04 14:12:57', '2020-11-03 15:02:30', '2020-11-04 14:12:57'),
(41, 'عميد بكر عون الحميد', '2020-11-04 14:12:55', '2020-11-03 15:02:30', '2020-11-04 14:12:55'),
(42, 'تالين العمرو', '2020-11-04 14:12:25', '2020-11-03 15:02:30', '2020-11-04 14:12:25'),
(43, 'ميرال الشهيل', '2020-11-04 14:12:21', '2020-11-03 15:02:30', '2020-11-04 14:12:21'),
(44, 'رامين الأحمري', '2020-11-04 14:12:19', '2020-11-03 15:02:30', '2020-11-04 14:12:19'),
(45, 'شاكر باشا', '2020-11-04 14:12:17', '2020-11-03 15:02:30', '2020-11-04 14:12:17'),
(46, 'براء مدني', '2020-11-04 14:12:11', '2020-11-03 15:02:30', '2020-11-04 14:12:11'),
(47, 'أناهيد الحصين', '2020-11-04 14:12:06', '2020-11-03 15:02:30', '2020-11-04 14:12:06'),
(48, 'شيماء العنزي', '2020-11-04 14:12:00', '2020-11-03 15:02:30', '2020-11-04 14:12:00'),
(49, 'الآنسة ندى المطرفي', '2020-11-04 14:11:52', '2020-11-03 15:02:30', '2020-11-04 14:11:52'),
(50, 'سوسن الصقيه', '2020-11-04 14:11:50', '2020-11-03 15:02:30', '2020-11-04 14:11:50'),
(51, 'بثينة العمرو', '2020-11-04 14:11:44', '2020-11-03 15:02:30', '2020-11-04 14:11:44'),
(52, 'الآنسة ميناس الشيباني', '2020-11-04 14:11:39', '2020-11-03 15:02:30', '2020-11-04 14:11:39'),
(53, 'نسيم نعمة حميد الصقير', '2020-11-04 14:11:25', '2020-11-03 15:02:30', '2020-11-04 14:11:25'),
(54, 'كايد زين الزامل', '2020-11-04 14:11:12', '2020-11-03 15:02:30', '2020-11-04 14:11:12'),
(55, 'مجاهد القحطاني', '2020-11-04 14:10:53', '2020-11-03 15:02:30', '2020-11-04 14:10:53'),
(56, 'أنس مصعب منصور الداوود', '2020-11-04 14:10:32', '2020-11-03 15:02:30', '2020-11-04 14:10:32'),
(57, 'ماهر الصامل', '2020-11-04 14:10:28', '2020-11-03 15:02:30', '2020-11-04 14:10:28'),
(58, 'زيد العمرو', '2020-11-04 14:10:22', '2020-11-03 15:02:30', '2020-11-04 14:10:22'),
(59, 'وائل أنس معاذ الشيباني', '2020-11-04 14:10:20', '2020-11-03 15:02:30', '2020-11-04 14:10:20'),
(60, 'سجى الزامل', '2020-11-04 14:10:17', '2020-11-03 15:02:30', '2020-11-04 14:10:17'),
(61, 'لارا نائل اسلام مدني', '2020-11-04 14:10:13', '2020-11-03 15:02:30', '2020-11-04 14:10:13'),
(62, 'حمدالله المطرفي', '2020-11-04 14:10:10', '2020-11-03 15:02:30', '2020-11-04 14:10:10'),
(63, 'السيدة لارا المنيف', '2020-11-04 14:10:05', '2020-11-03 15:02:30', '2020-11-04 14:10:05'),
(64, 'عزيز عمران رافي السماري', '2020-11-04 14:10:03', '2020-11-03 15:02:30', '2020-11-04 14:10:03'),
(65, 'غزل السويلم', '2020-11-04 14:10:07', '2020-11-03 15:02:30', '2020-11-04 14:10:07'),
(66, 'مبارك سقا', '2020-11-04 14:10:12', '2020-11-03 15:02:30', '2020-11-04 14:10:12'),
(67, 'نجلاء عبدالمطلب ايسر السهلي', '2020-11-04 14:10:16', '2020-11-03 15:02:30', '2020-11-04 14:10:16'),
(68, 'صقر الجهني', '2020-11-04 14:10:23', '2020-11-03 15:02:30', '2020-11-04 14:10:23'),
(69, 'فهمي الصامل', '2020-11-04 14:10:30', '2020-11-03 15:02:30', '2020-11-04 14:10:30'),
(70, 'أوس رضوان عبد الحميد الصامل', '2020-11-04 14:10:50', '2020-11-03 15:02:30', '2020-11-04 14:10:50'),
(71, 'المهندسة فرح المطرفي', '2020-11-04 14:11:28', '2020-11-03 15:02:30', '2020-11-04 14:11:28'),
(72, 'بنان القحطاني', '2020-11-04 14:11:42', '2020-11-03 15:02:30', '2020-11-04 14:11:42'),
(73, 'بشائر الصقير', '2020-11-04 14:11:47', '2020-11-03 15:02:30', '2020-11-04 14:11:47'),
(74, 'الدكتورة سوسن الخضيري', '2020-11-04 14:12:03', '2020-11-03 15:02:30', '2020-11-04 14:12:03'),
(75, 'بسمة راشد عبد اللطيف العمرو', '2020-11-04 14:12:09', '2020-11-03 15:02:30', '2020-11-04 14:12:09'),
(76, 'الآنسة رجاء السويلم', '2020-11-04 14:12:13', '2020-11-03 15:02:30', '2020-11-04 14:12:13'),
(77, 'الآنسة تقى سقا', '2020-11-04 14:12:23', '2020-11-03 15:02:30', '2020-11-04 14:12:23'),
(78, 'ختام عز الدين نعيم برماوي', '2020-11-04 14:12:50', '2020-11-03 15:02:30', '2020-11-04 14:12:50'),
(79, 'دانة العنزي', '2020-11-04 14:12:47', '2020-11-03 15:02:30', '2020-11-04 14:12:47'),
(80, 'جاسم فاضل السمير', '2020-11-04 14:12:44', '2020-11-03 15:02:30', '2020-11-04 14:12:44'),
(81, 'لينة الخالدي', '2020-11-04 14:12:41', '2020-11-03 15:02:30', '2020-11-04 14:12:41'),
(82, 'أسيل اسلام باشا', '2020-11-04 14:12:38', '2020-11-03 15:02:30', '2020-11-04 14:12:38'),
(83, 'المهندسة نسرين الحسين', '2020-11-04 14:12:36', '2020-11-03 15:02:30', '2020-11-04 14:12:36'),
(84, 'سعيد الجهني', '2020-11-04 14:12:34', '2020-11-03 15:02:30', '2020-11-04 14:12:34'),
(85, 'فاخر اديب الجهني', '2020-11-04 14:12:30', '2020-11-03 15:02:30', '2020-11-04 14:12:30'),
(86, 'جميلة الجريد', '2020-11-04 14:12:28', '2020-11-03 15:02:30', '2020-11-04 14:12:28'),
(87, 'الدكتورة رنا الصقير', '2020-11-04 14:12:32', '2020-11-03 15:02:30', '2020-11-04 14:12:32'),
(88, 'السيدة شرين سقا', '2020-11-04 14:12:39', '2020-11-03 15:02:30', '2020-11-04 14:12:39'),
(89, 'حازم جواهرجي', '2020-11-04 14:12:48', '2020-11-03 15:02:30', '2020-11-04 14:12:48'),
(90, 'سوسن المنيف', '2020-11-04 14:12:59', '2020-11-03 15:02:30', '2020-11-04 14:12:59'),
(91, 'دانا الأحمري', '2020-11-04 14:13:08', '2020-11-03 15:02:30', '2020-11-04 14:13:08'),
(92, 'سناء الراجحي', '2020-11-04 14:13:24', '2020-11-03 15:02:30', '2020-11-04 14:13:24'),
(93, 'الدكتورة شريفة الصامل', '2020-11-04 14:13:36', '2020-11-03 15:02:30', '2020-11-04 14:13:36'),
(94, 'ميادة الراجحي', '2020-11-04 14:13:44', '2020-11-03 15:02:30', '2020-11-04 14:13:44'),
(95, 'الدكتورة يارا المنيف', '2020-11-04 14:14:45', '2020-11-03 15:02:30', '2020-11-04 14:14:45'),
(96, 'بسمة زيد الخضيري', '2020-11-04 14:14:47', '2020-11-03 15:02:30', '2020-11-04 14:14:47'),
(97, 'عبد الله حذيفة جراح مكي', '2020-11-04 14:14:50', '2020-11-03 15:02:30', '2020-11-04 14:14:50'),
(98, 'مشهور سليم سعود العتيبي', '2020-11-04 14:14:53', '2020-11-03 15:02:30', '2020-11-04 14:14:53'),
(99, 'سوار الخالدي', '2020-11-04 14:14:55', '2020-11-03 15:02:30', '2020-11-04 14:14:55'),
(100, 'سندس زين زاهر مدني', '2020-11-04 14:14:58', '2020-11-03 15:02:30', '2020-11-04 14:14:58'),
(101, 'نادية سائد العسكر', '2020-11-04 14:15:00', '2020-11-03 15:02:30', '2020-11-04 14:15:00'),
(102, 'سعودية', NULL, '2020-11-04 15:16:27', '2020-11-04 15:16:46'),
(103, 'مصرية', NULL, '2020-11-04 15:16:37', '2020-11-04 15:16:37'),
(104, 'اماراتية', NULL, '2020-11-04 15:16:53', '2020-11-04 15:16:53'),
(105, 'سورية', NULL, '2020-11-04 15:16:59', '2020-11-04 15:16:59'),
(106, 'فلسطينية', NULL, '2020-11-04 15:17:06', '2020-11-04 15:17:06'),
(107, 'test', NULL, '2020-11-18 20:52:18', '2020-11-18 20:52:18');

-- --------------------------------------------------------

--
-- Table structure for table `news`
--

CREATE TABLE `news` (
  `id` bigint(20) UNSIGNED NOT NULL,
  `title` varchar(191) COLLATE utf8mb4_unicode_ci NOT NULL,
  `image` varchar(191) COLLATE utf8mb4_unicode_ci NOT NULL,
  `content` text COLLATE utf8mb4_unicode_ci NOT NULL,
  `news_category_id` bigint(20) UNSIGNED NOT NULL,
  `deleted_at` timestamp NULL DEFAULT NULL,
  `created_at` timestamp NOT NULL DEFAULT CURRENT_TIMESTAMP,
  `updated_at` timestamp NOT NULL DEFAULT CURRENT_TIMESTAMP ON UPDATE CURRENT_TIMESTAMP,
  `slug` varchar(191) COLLATE utf8mb4_unicode_ci DEFAULT NULL
) ENGINE=MyISAM DEFAULT CHARSET=utf8mb4 COLLATE=utf8mb4_unicode_ci;

--
-- Dumping data for table `news`
--

INSERT INTO `news` (`id`, `title`, `image`, `content`, `news_category_id`, `deleted_at`, `created_at`, `updated_at`, `slug`) VALUES
(1, 'خبرا 1', '20201104191617-EF6m4cxRoE.png', '<p>محتوى 1</p>', 1, '2020-11-10 08:04:36', '2020-11-04 16:16:17', '2020-11-10 08:04:36', NULL),
(2, 'خبر 2', '20201104191648-h7LxHHBRU8.png', '<p>محتوى 2</p>', 2, '2020-11-10 08:04:31', '2020-11-04 16:16:48', '2020-11-10 08:04:31', NULL),
(3, 'التوفيق بين الراغبين بالزواج', '20201118150353-Nw4qacuJCD.png', '<p><span style=\"color: rgb(34, 34, 34);\">هناك حقيقة مثبتة منذ زمن طويل وهي أن المحتوى المقروء لصفحة ما سيلهي القارئ </span></p>', 1, NULL, '2020-11-10 08:06:11', '2020-11-18 12:03:53', NULL),
(4, 'التوفيق بين الراغبين بالزواج', '20201118150311-gwRjDJdcm9.png', '<p>هناك حقيقة مثبتة منذ زمن طويل وهي أن المحتوى المقروء لصفحة ما سيلهي القارئ&nbsp;</p>', 2, NULL, '2020-11-10 08:06:52', '2020-11-18 12:03:11', NULL),
(5, 'خدمة الإعانة', '20201118143049-H7a6RPVyQZ.png', '<p><span style=\"color: rgb(34, 34, 34);\">هناك حقيقة مثبتة منذ زمن طويل وهي أن المحتوى المقروء لصفحة ما سيلهي القارئ </span></p>', 3, NULL, '2020-11-10 08:07:19', '2020-11-18 11:30:49', NULL),
(6, 'التوفيق بين الراغبين بالزواج', '20201119142433-cYXC0iQlWT.png', '<p>test</p>', 4, NULL, '2020-11-18 20:44:16', '2020-11-19 11:24:33', NULL),
(7, 'test', '20201209104135-hXdaoFOQpB.png', '<p>test images</p>', 4, NULL, '2020-12-09 07:41:35', '2020-12-09 07:41:35', NULL);

-- --------------------------------------------------------

--
-- Table structure for table `news_categories`
--

CREATE TABLE `news_categories` (
  `id` bigint(20) UNSIGNED NOT NULL,
  `name` varchar(191) COLLATE utf8mb4_unicode_ci NOT NULL,
  `image` varchar(191) COLLATE utf8mb4_unicode_ci NOT NULL,
  `deleted_at` timestamp NULL DEFAULT NULL,
  `created_at` timestamp NOT NULL DEFAULT CURRENT_TIMESTAMP,
  `updated_at` timestamp NOT NULL DEFAULT CURRENT_TIMESTAMP ON UPDATE CURRENT_TIMESTAMP,
  `slug` varchar(191) COLLATE utf8mb4_unicode_ci DEFAULT NULL
) ENGINE=MyISAM DEFAULT CHARSET=utf8mb4 COLLATE=utf8mb4_unicode_ci;

--
-- Dumping data for table `news_categories`
--

INSERT INTO `news_categories` (`id`, `name`, `image`, `deleted_at`, `created_at`, `updated_at`, `slug`) VALUES
(1, 'تصنيف 1', '20201108172309-vcs7DyQQA8.png', NULL, '2020-11-04 16:14:17', '2020-11-08 14:23:09', NULL),
(2, 'تصنيف 2', '20201108172228-oruOXJT1ub.png', NULL, '2020-11-04 16:14:36', '2020-11-08 14:22:28', NULL),
(3, 'category', '20201108171009-olKp74Q729.png', NULL, '2020-11-08 14:10:09', '2020-11-08 14:10:09', NULL),
(4, 'test', '20201118234236-wHu068U1hR.png', NULL, '2020-11-18 20:42:36', '2020-11-18 20:42:36', NULL);

-- --------------------------------------------------------

--
-- Table structure for table `orders`
--

CREATE TABLE `orders` (
  `id` bigint(20) UNSIGNED NOT NULL,
  `user_id` bigint(20) UNSIGNED DEFAULT NULL,
  `payment_method` varchar(191) COLLATE utf8mb4_unicode_ci DEFAULT NULL,
  `total` decimal(15,4) DEFAULT NULL,
  `status` tinyint(4) DEFAULT '0',
  `created_at` timestamp NOT NULL DEFAULT CURRENT_TIMESTAMP,
  `updated_at` timestamp NOT NULL DEFAULT CURRENT_TIMESTAMP ON UPDATE CURRENT_TIMESTAMP
) ENGINE=MyISAM DEFAULT CHARSET=utf8mb4 COLLATE=utf8mb4_unicode_ci;

--
-- Dumping data for table `orders`
--

INSERT INTO `orders` (`id`, `user_id`, `payment_method`, `total`, `status`, `created_at`, `updated_at`) VALUES
(1, 3, 'حواله بنكية', 1050.0000, 0, '2020-11-05 14:56:25', '2020-11-05 14:56:25'),
(2, 3, 'حواله بنكية', 336500.0000, 0, '2020-11-05 15:08:10', '2020-11-05 15:08:10'),
(3, 1, 'حواله بنكية', 1550.0000, 0, '2020-11-05 15:18:48', '2020-11-05 15:18:48'),
(4, 1, 'حواله بنكية', 4752.0000, 0, '2020-11-05 15:21:23', '2020-11-05 15:21:23'),
(5, 3, 'حواله بنكية', 336500.0000, 0, '2020-11-05 15:25:47', '2020-11-05 15:25:47'),
(6, 5, 'حواله بنكية', 7880.0000, 0, '2020-11-06 12:29:49', '2020-11-06 12:29:49'),
(7, 5, 'حواله بنكية', 1000.0000, 0, '2020-11-06 12:30:25', '2020-11-06 12:30:25'),
(8, 8, 'حواله بنكية', 50.0000, 0, '2020-11-08 10:40:28', '2020-11-08 10:40:28'),
(9, 7, 'حواله بنكية', 2576.0000, 0, '2020-11-08 16:39:54', '2020-11-08 16:39:54'),
(10, 8, 'حواله بنكية', 50.0000, 0, '2020-11-11 14:14:13', '2020-11-11 14:14:13'),
(11, 16, 'حواله بنكية', 2000.0000, 0, '2020-11-12 09:00:23', '2020-11-12 09:00:23'),
(12, 2, 'حواله بنكية', 1050.0000, 0, '2020-11-17 08:42:22', '2020-11-17 08:42:22'),
(13, 2, 'حواله بنكية', 6626.0000, 0, '2020-11-18 13:42:04', '2020-11-18 13:42:04'),
(14, 15, 'حواله بنكية', 5050.0000, 0, '2020-11-18 14:56:04', '2020-11-18 14:56:04'),
(15, 8, 'حواله بنكية', 50.0000, 0, '2020-11-18 16:44:15', '2020-11-18 16:44:15'),
(16, 25, 'حواله بنكية', 15001050.0000, 0, '2020-11-18 19:51:47', '2020-11-18 19:51:47'),
(17, 25, 'حواله بنكية', 350346024.0000, 0, '2020-11-18 20:20:32', '2020-11-18 20:20:32'),
(18, 25, 'حواله بنكية', 5676808.0000, 0, '2020-11-19 11:12:21', '2020-11-19 11:12:21'),
(19, 25, 'حواله بنكية', 500000.0000, 0, '2020-11-19 13:29:26', '2020-11-19 13:29:26'),
(20, 26, 'حواله بنكية', 3676808.0000, 0, '2020-11-23 12:20:46', '2020-11-23 12:20:46'),
(21, 2, 'حواله بنكية', 2626.0000, 0, '2020-11-30 12:18:29', '2020-11-30 12:18:29'),
(22, 27, 'حواله بنكية', 1000.0000, 0, '2020-12-02 09:45:40', '2020-12-02 09:45:40'),
(23, 2, 'حواله بنكية', 1000.0000, 0, '2020-12-02 12:24:52', '2020-12-02 12:24:52'),
(24, 2, 'حواله بنكية', 1000.0000, 0, '2020-12-02 12:28:34', '2020-12-02 12:28:34'),
(25, 2, 'حواله بنكية', 1000.0000, 0, '2020-12-02 12:29:55', '2020-12-02 12:29:55'),
(26, 40, 'حواله بنكية', 1000.0000, 0, '2020-12-06 16:59:57', '2020-12-06 16:59:57'),
(27, 40, 'حواله بنكية', 4000.0000, 0, '2020-12-06 17:02:17', '2020-12-06 17:02:17'),
(28, 40, 'حواله بنكية', 1000.0000, 0, '2020-12-07 09:31:36', '2020-12-07 09:31:36'),
(29, 2, 'حواله بنكية', 1000.0000, 0, '2020-12-07 10:44:28', '2020-12-07 10:44:28'),
(30, 2, 'حواله بنكية', 1000.0000, 0, '2020-12-07 11:01:38', '2020-12-07 11:01:38'),
(31, 40, 'حواله بنكية', 2676.0000, 0, '2020-12-16 11:45:31', '2020-12-16 11:45:31'),
(32, 40, 'حواله بنكية', 12000000000.0000, 0, '2020-12-16 11:47:58', '2020-12-16 11:47:58'),
(33, 40, 'حواله بنكية', 12000000000.0000, 0, '2020-12-16 11:48:38', '2020-12-16 11:48:38'),
(34, 15, 'حواله بنكية', 37824.0000, 0, '2020-12-16 11:50:02', '2020-12-16 11:50:02'),
(35, 40, 'حواله بنكية', 12000000000.0000, 0, '2020-12-16 11:51:43', '2020-12-16 11:51:43'),
(36, 40, 'حواله بنكية', 12000000000.0000, 0, '2020-12-16 11:57:12', '2020-12-16 11:57:12');

-- --------------------------------------------------------

--
-- Table structure for table `order_items`
--

CREATE TABLE `order_items` (
  `id` bigint(20) UNSIGNED NOT NULL,
  `order_id` bigint(20) UNSIGNED DEFAULT NULL,
  `type` varchar(191) COLLATE utf8mb4_unicode_ci DEFAULT NULL,
  `item_id` bigint(20) UNSIGNED DEFAULT NULL,
  `quantity` bigint(20) UNSIGNED DEFAULT NULL,
  `price` decimal(15,2) DEFAULT NULL,
  `created_at` timestamp NOT NULL DEFAULT CURRENT_TIMESTAMP,
  `updated_at` timestamp NOT NULL DEFAULT CURRENT_TIMESTAMP ON UPDATE CURRENT_TIMESTAMP,
  `item_name` varchar(191) COLLATE utf8mb4_unicode_ci NOT NULL
) ENGINE=MyISAM DEFAULT CHARSET=utf8mb4 COLLATE=utf8mb4_unicode_ci;

--
-- Dumping data for table `order_items`
--

INSERT INTO `order_items` (`id`, `order_id`, `type`, `item_id`, `quantity`, `price`, `created_at`, `updated_at`, `item_name`) VALUES
(1, 1, 'sadakat', 103, 1, 1000.00, '2020-11-05 14:56:25', '2020-11-05 14:56:25', ''),
(2, 1, 'sadakat', 1, 1, 50.00, '2020-11-05 14:56:25', '2020-11-05 14:56:25', ''),
(3, 2, 'ashom', 102, 200, 1576.00, '2020-11-05 15:08:10', '2020-11-05 15:08:10', ''),
(4, 4, 'ashom', 102, 2, 1576.00, '2020-11-05 15:21:23', '2020-11-05 15:21:23', ''),
(5, 4, 'sadakat', 1, 1, 50.00, '2020-11-05 15:21:23', '2020-11-05 15:21:23', ''),
(6, 4, 'zakah', NULL, 1, 1500.00, '2020-11-05 15:21:23', '2020-11-05 15:21:23', ''),
(7, 4, 'sadakat', 1, 1, 50.00, '2020-11-05 15:21:23', '2020-11-05 15:21:23', ''),
(8, 5, 'ashom', 102, 200, 1576.00, '2020-11-05 15:25:47', '2020-11-05 15:25:47', ''),
(9, 5, 'zakah', NULL, 1, 300.00, '2020-11-05 15:25:47', '2020-11-05 15:25:47', ''),
(10, 5, 'sadakat', 104, 1, 20000.00, '2020-11-05 15:25:47', '2020-11-05 15:25:47', ''),
(11, 5, 'sadakat', 103, 1, 1000.00, '2020-11-05 15:25:47', '2020-11-05 15:25:47', ''),
(12, 6, 'ashom', 102, 5, 1576.00, '2020-11-06 12:29:49', '2020-11-06 12:29:49', ''),
(13, 7, 'sadakat', 103, 1, 1000.00, '2020-11-06 12:30:25', '2020-11-06 12:30:25', ''),
(14, 8, 'sadakat', 1, 1, 50.00, '2020-11-08 10:40:28', '2020-11-08 10:40:28', ''),
(15, 9, 'ashom', 102, 1, 1576.00, '2020-11-08 16:39:54', '2020-11-08 16:39:54', ''),
(16, 9, 'sadakat', 103, 1, 1000.00, '2020-11-08 16:39:54', '2020-11-08 16:39:54', ''),
(17, 10, 'sadakat', 1, 1, 50.00, '2020-11-11 14:14:13', '2020-11-11 14:14:13', ''),
(18, 11, 'sadakat', 103, 1, 1000.00, '2020-11-12 09:00:23', '2020-11-12 09:00:23', ''),
(19, 11, 'sadakat', 103, 1, 1000.00, '2020-11-12 09:00:23', '2020-11-12 09:00:23', ''),
(20, 12, 'sadakat', 106, 1, 1000.00, '2020-11-17 08:42:22', '2020-11-17 08:42:22', ''),
(21, 12, 'sadakat', 105, 1, 50.00, '2020-11-17 08:42:22', '2020-11-17 08:42:22', ''),
(22, 13, 'ashom', 1, 1, 50.00, '2020-11-18 13:42:04', '2020-11-18 13:42:04', 'سهم 1'),
(23, 13, 'ashom', 101, 1, 1000.00, '2020-11-18 13:42:04', '2020-11-18 13:42:04', 'مستشفى خيري'),
(24, 13, 'ashom', 102, 1, 1576.00, '2020-11-18 13:42:04', '2020-11-18 13:42:04', 'مسجد'),
(25, 13, 'sadakat', 107, 2, 2000.00, '2020-11-18 13:42:04', '2020-11-18 13:42:04', '2000'),
(26, 14, 'sadakat', 107, 2, 2000.00, '2020-11-18 14:56:04', '2020-11-18 14:56:04', '2000'),
(27, 14, 'sadakat', 106, 1, 1000.00, '2020-11-18 14:56:04', '2020-11-18 14:56:04', '1000'),
(28, 14, 'sadakat', 105, 1, 50.00, '2020-11-18 14:56:04', '2020-11-18 14:56:04', '50'),
(29, 15, 'sadakat', 105, 1, 50.00, '2020-11-18 16:44:15', '2020-11-18 16:44:15', '50'),
(30, 16, 'ashom', 101, 14999, 1000.00, '2020-11-18 19:51:47', '2020-11-18 19:51:47', 'مستشفى خيري'),
(31, 16, 'sadakat', 107, 1, 2000.00, '2020-11-18 19:51:47', '2020-11-18 19:51:47', '2000'),
(32, 16, 'sadakat', 105, 1, 50.00, '2020-11-18 19:51:47', '2020-11-18 19:51:47', '50'),
(33, 17, 'ashom', 102, 222225, 1576.00, '2020-11-18 20:20:32', '2020-11-18 20:20:32', 'مسجد'),
(34, 17, 'sadakat', 107, 50, 2000.00, '2020-11-18 20:20:32', '2020-11-18 20:20:32', '2000'),
(35, 17, 'sadakat', 106, 20, 1000.00, '2020-11-18 20:20:32', '2020-11-18 20:20:32', '1000'),
(36, 17, 'sadakat', 105, 20, 50.00, '2020-11-18 20:20:32', '2020-11-18 20:20:32', '50'),
(37, 18, 'ashom', 102, 2333, 1576.00, '2020-11-19 11:12:21', '2020-11-19 11:12:21', 'مسجد'),
(38, 18, 'sadakat', 108, 4, 500000.00, '2020-11-19 11:12:21', '2020-11-19 11:12:21', 'test'),
(39, 19, 'sadakat', 108, 1, 500000.00, '2020-11-19 13:29:26', '2020-11-19 13:29:26', 'test'),
(40, 20, 'ashom', 102, 2333, 1576.00, '2020-11-23 12:20:46', '2020-11-23 12:20:46', 'مسجد'),
(41, 21, 'ashom', 102, 1, 1576.00, '2020-11-30 12:18:29', '2020-11-30 12:18:29', 'مسجد'),
(42, 21, 'zakah', NULL, 1, 50.00, '2020-11-30 12:18:29', '2020-11-30 12:18:29', 'الزكاة'),
(43, 21, 'sadakat', 114, 1, 1000.00, '2020-11-30 12:18:29', '2020-11-30 12:18:29', '1000'),
(44, 22, 'sadakat', 114, 1, 1000.00, '2020-12-02 09:45:40', '2020-12-02 09:45:40', '1000'),
(45, 23, 'sadakat', 114, 1, 1000.00, '2020-12-02 12:24:52', '2020-12-02 12:24:52', '1000'),
(46, 24, 'sadakat', 114, 1, 1000.00, '2020-12-02 12:28:34', '2020-12-02 12:28:34', '1000'),
(47, 26, 'sadakat', 114, 1, 1000.00, '2020-12-06 16:59:57', '2020-12-06 16:59:57', '1000'),
(48, 27, 'sadakat', 115, 2, 2000.00, '2020-12-06 17:02:17', '2020-12-06 17:02:17', '2000'),
(49, 28, 'sadakat', 114, 1, 1000.00, '2020-12-07 09:31:36', '2020-12-07 09:31:36', '1000'),
(50, 29, 'sadakat', 114, 1, 1000.00, '2020-12-07 10:44:28', '2020-12-07 10:44:28', '1000'),
(51, 30, 'sadakat', 114, 1, 1000.00, '2020-12-07 11:01:38', '2020-12-07 11:01:38', '1000'),
(52, 31, 'ashom', 102, 1, 1576.00, '2020-12-16 11:45:31', '2020-12-16 11:45:31', 'مسجد'),
(53, 31, 'ashom', 101, 1, 1000.00, '2020-12-16 11:45:31', '2020-12-16 11:45:31', 'مستشفى خيري'),
(54, 31, 'ashom', 1, 2, 50.00, '2020-12-16 11:45:31', '2020-12-16 11:45:31', 'سهم 1'),
(55, 34, 'ashom', 102, 24, 1576.00, '2020-12-16 11:50:02', '2020-12-16 11:50:02', 'مسجد'),
(56, 36, 'ashom', 104, 24, 500000000.00, '2020-12-16 11:57:12', '2020-12-16 11:57:12', 'a');

-- --------------------------------------------------------

--
-- Table structure for table `pages`
--

CREATE TABLE `pages` (
  `id` bigint(20) UNSIGNED NOT NULL,
  `slug` varchar(191) COLLATE utf8mb4_unicode_ci NOT NULL,
  `title` varchar(191) COLLATE utf8mb4_unicode_ci NOT NULL,
  `content` longtext COLLATE utf8mb4_unicode_ci NOT NULL,
  `deleted_at` timestamp NULL DEFAULT NULL,
  `created_at` timestamp NOT NULL DEFAULT CURRENT_TIMESTAMP,
  `updated_at` timestamp NOT NULL DEFAULT CURRENT_TIMESTAMP ON UPDATE CURRENT_TIMESTAMP
) ENGINE=MyISAM DEFAULT CHARSET=utf8mb4 COLLATE=utf8mb4_unicode_ci;

--
-- Dumping data for table `pages`
--

INSERT INTO `pages` (`id`, `slug`, `title`, `content`, `deleted_at`, `created_at`, `updated_at`) VALUES
(1, 'alanthm', 'الانظمة', 'الانظمة', NULL, '2020-11-03 14:52:21', '2020-11-03 14:52:21'),
(2, 'khdmatna-alalktrony', 'خدماتنا الإلكترونية', 'خدماتنا الإلكترونية', NULL, '2020-11-03 14:52:21', '2020-11-03 14:52:21'),
(3, 'boab-alofak', 'بوابة الوفاق', 'بوابة الوفاق', NULL, '2020-11-03 14:52:21', '2020-11-03 14:52:21'),
(4, 'almbadrat-altnmoy', 'المبادرات التنموية', 'المبادرات التنموية', NULL, '2020-11-03 14:52:21', '2020-11-03 14:52:21'),
(5, 'albramg-oaltdryb', 'البرامج والتدريب', 'البرامج والتدريب', NULL, '2020-11-03 14:52:21', '2020-11-03 14:52:21'),
(6, 'shrot-alkhsosy', 'شروط الخصوصية', '<p>شروط الخصوصية</p><p><br></p><p>sssssssssssssssssssssssssssssssssssssssssssssssssssssssssssssss</p>', NULL, '2020-11-03 14:52:21', '2020-11-12 11:53:52'),
(7, 'mn-nhn', 'من نحن', 'من نحن', NULL, '2020-11-03 14:52:21', '2020-11-03 14:52:21'),
(8, 'trk-altbraa', 'طرق التبرع', 'طرق التبرع', NULL, '2020-11-03 14:52:21', '2020-11-03 14:52:21'),
(9, 'systems', 'الانظمة', 'الانظمة', NULL, '2020-11-15 15:36:09', '2020-11-15 15:36:09'),
(10, 'electronic-services', 'خدماتنا الإلكترونية', 'خدماتنا الإلكترونية', NULL, '2020-11-15 15:36:09', '2020-11-15 15:36:09'),
(11, 'wefaq-gate', 'بوابة الوفاق', 'بوابة الوفاق', NULL, '2020-11-15 15:36:09', '2020-11-15 15:36:09'),
(12, 'development-initiatives', 'المبادرات التنموية', 'المبادرات التنموية', NULL, '2020-11-15 15:36:09', '2020-11-15 15:36:09'),
(13, 'programs-and-training', 'البرامج والتدريب', 'البرامج والتدريب', NULL, '2020-11-15 15:36:09', '2020-11-15 15:36:09'),
(14, 'privacy-policy', 'شروط الخصوصية', 'شروط الخصوصية', NULL, '2020-11-15 15:36:09', '2020-11-15 15:36:09'),
(15, 'about-us', 'من نحن', '<p>من نحن test</p>', NULL, '2020-11-15 15:36:09', '2020-11-18 20:46:42'),
(16, 'donation-ways', 'طرق التبرع', 'طرق التبرع', NULL, '2020-11-15 15:36:09', '2020-11-15 15:36:09'),
(17, 'terms-and-conditions', 'الشروط والأحكام', '<p><strong>الشروط والأحكام</strong></p><p>- بوابة الوفاق هي منصة إلكترونية تسعى للتوفيق بين الراغبين بالزواج من الجنسين عبر نظام إلكتروني متقن.</p><p>- تفتخر جمعية الوفاق الأسرية بخدماتها في إطار كامل من السرية والخصوصية بين المتقدمين والجمعية، وتضمن سرية البيانات والمعلومات المقدمة من خلال المنصة المخصصة للتوفيق الإلكتروني، حيث لن يتم الاطلاع على المعلومات او البيانات الخاصة بملفك الشخصي أو هويتك التعريفية عدا مسؤول النظام</p><p>- جميع البيانات والمعلومات التي يتم تبادلها مع الجمعية هي بيانات خاصة ولا يتم الإفصاح عنها بتاتاً، لذلك اطمئن ودعنا نقدم لك الفرز الصحيح حسب رغبتك ومواصفاتك مع طاقم عمل ذو خبرة طويلة في العديد من المجالات الأسرية والتنموية والتربوية.</p><p>- منصة الوفاق تم تصميمها لإيجاد شريك الحياة بالتواصل بين الراغب بالزواج وكذا مع ولي الأمر </p><p>- يجب ألا يقل عمر العضو / العضوة عن 18 سنة</p><p>- المنصة تم تصميمها من اجل الزواج الشرعي فقط وليس لأي غرض آخر.</p><p>- يتحمل العضو المسؤولية الكاملة تجاه المعلومات التي يكتبها ويرفعها عن نفسه، والمنصة غير مسؤولة عن صحة البيانات والمعلومات المرفوعة من قبل الأعضاء.</p><p>- للمنصة الحق في تعديل أو إلغاء أو رفض أي معلومات للعضو، بما في ذلك البيانات التي يقوم الأعضاء بإدخالها والتي قد لا تتناسب مع سياسة العمل في المنصة او غير متفقة مع القيم او تدعوا إلى الكراهية أو اتجاهات فكرية أو سياسية أو تحتوي على معلومات دعائية أو تجارية أو عناوين شخصية أو مواقع أو لأي سبب آخر تراه الجمعية.</p><p>- للأعضاء الحق في طلب إنهاء عضويتهم في أي وقت.</p><p>- جميع محتويات الموقع من تصميمات ومواد هي ملك لجمعية الوفاق الأسرية ولا يحق للغير استغلالها لأي سبب دون موافقة مسبقة من إدارة الجمعية، ويحق للإدارة اتخاذ ما تراه مناسباً فيمن يستغل المنصة لأي غرض آخر .</p><p>- المنصة ملزمة بتشغيل كافة الخدمات طيلة فترة العضوية.</p><p>- يحق للمنصة تعليق عضوية المشتركين الغير نشطين خاصة الذين لم يستخدموا الموقع لأكثر من ثلاثة أشهر وذلك حفاظاً على طابع الجدية.</p><p>- يحق لمنصة الوفاق تغيير أو تحديث شروط الاستخدام دون الرجوع للأعضاء بما تقتضيه المصلحة والله ولي التوفيق،،</p>', NULL, '2020-12-15 15:03:58', '2020-12-15 15:08:29');

-- --------------------------------------------------------

--
-- Table structure for table `partners`
--

CREATE TABLE `partners` (
  `id` bigint(20) UNSIGNED NOT NULL,
  `name` varchar(191) COLLATE utf8mb4_unicode_ci NOT NULL,
  `image` varchar(191) COLLATE utf8mb4_unicode_ci NOT NULL,
  `deleted_at` timestamp NULL DEFAULT NULL,
  `created_at` timestamp NOT NULL DEFAULT CURRENT_TIMESTAMP,
  `updated_at` timestamp NOT NULL DEFAULT CURRENT_TIMESTAMP ON UPDATE CURRENT_TIMESTAMP
) ENGINE=MyISAM DEFAULT CHARSET=utf8mb4 COLLATE=utf8mb4_unicode_ci;

--
-- Dumping data for table `partners`
--

INSERT INTO `partners` (`id`, `name`, `image`, `deleted_at`, `created_at`, `updated_at`) VALUES
(1, 'test', '20201208142418-NsBuQZOf4J.png', NULL, '2020-12-08 11:24:18', '2020-12-08 11:24:18'),
(2, 'test1', '20201208165540-jLWk5uncr3.png', NULL, '2020-12-08 13:55:40', '2020-12-08 13:55:40'),
(3, 'chat', '20201208181800-upsiEPzS1J.png', NULL, '2020-12-08 15:18:00', '2020-12-08 15:18:00'),
(4, 'testing', '20201208185604-srhlu1HR8s.png', NULL, '2020-12-08 15:56:04', '2020-12-08 15:56:04'),
(5, 'testing', '20201208185631-6Kt0bhhlXw.png', NULL, '2020-12-08 15:56:31', '2020-12-08 15:56:31');

-- --------------------------------------------------------

--
-- Table structure for table `password_resets`
--

CREATE TABLE `password_resets` (
  `email` varchar(191) COLLATE utf8mb4_unicode_ci NOT NULL,
  `token` varchar(191) COLLATE utf8mb4_unicode_ci NOT NULL,
  `created_at` timestamp NULL DEFAULT NULL
) ENGINE=MyISAM DEFAULT CHARSET=utf8mb4 COLLATE=utf8mb4_unicode_ci;

--
-- Dumping data for table `password_resets`
--

INSERT INTO `password_resets` (`email`, `token`, `created_at`) VALUES
('e@gmail.com', 'OH2NWjVpP3LCgOJLhTfgNBChgWcWnMSD0vtGlQqFl20s4LHghgwWoz9WWMOW', '2020-11-09 08:36:31'),
('e@gmail.com', 'gPEWgydGThdMTNflt9tyU5Vz2dDxJCypynbutUuOSmU5legrrNOtqYd81RZl', '2020-11-09 08:37:39'),
('ahmedali@gmail.com', 'onD4xBD9nMGyhqruS3W1N2Hiujget7RgiIjBKvLhDwP48r9qFCc8SVrpKh0p', '2020-11-10 08:09:33'),
('ahmedali@gmail.com', 'GutdjqQsD1cMXhsizmoXgLnbhqIMjrPNLqN6eanzYyfnCfpEBHsG23ylbLbj', '2020-11-10 11:34:44'),
('ahmedfci20@yahoo.com', 'tKhFhBTiRYqMlnLQNs8MaasBKTno1HDBsG7Z06jJjvONrZJKLFSFvTKyPqlu', '2020-11-10 11:35:48'),
('eslam@rowaad.net', 'fFRZ9r4TOVwQBp0po2TtwjLm2z7MTzcoIM3em9wztNPEZGINNKCvyhEAInZd', '2020-11-12 08:31:12'),
('eslaamelbatrawy@gmail.com', 'fnIYp66k6e8bszo3OKqBy9L5ISC3M1magoCTsqSR5STiTaz92qX3Uv0elDrG', '2020-11-12 11:31:44'),
('eslaamelbatrawy@gmail.com', 'N7BCnqQ2STGWpCmvWtJ9VcjfgzRhjKzWTxLjFD1oFd9JAAT6M6El7q6OFWth', '2020-11-15 10:53:31'),
('eslaamelbatrawy@gmail.com', 'sjgrKtfI8eAjkfgj1QkOICNMbYlv0gmc6WbhMtzpVw0WBJuNS6OJYzUzPPsC', '2020-11-16 08:45:11'),
('a@gmail.com', 'vdTurAO2EyqfcC4G7NjEoCFSfDDUZzu3u7UPtGgC6ajpYHWCKiEI3IV4QInW', '2020-11-17 11:24:19'),
('a@gmail.com', 'i9nIETIEYL1PCav97ja4F1EGtXoVIraKQzFIYvf8RbQmKjp04JLrqQVv7yKQ', '2020-11-17 12:20:25'),
('ahmedfci20@yahoo.com', 'XSDSDBqsj5ERgEkZRS44qCT24G6UgbxOKggVv6qnVSexDwcqCnoSnG2R4NyC', '2020-11-17 12:37:51'),
('ahmedfci20@yahoo.com', 'EZ1kiMRdXuMrJemHx5o8ZjflqvxgN00VTFRRPZYB2bNXs2v9PlANgYd3yLaL', '2020-11-17 12:39:14'),
('a@gmail.com', 'pUVWQw2dOl3KhRDW00kulXdn886xVW6ORIXXcXLOh4gdNgcXu8wtD9eOKWgn', '2020-11-17 12:40:16');

-- --------------------------------------------------------

--
-- Table structure for table `password_resets_admin`
--

CREATE TABLE `password_resets_admin` (
  `email` varchar(191) COLLATE utf8mb4_unicode_ci NOT NULL,
  `token` varchar(191) COLLATE utf8mb4_unicode_ci NOT NULL,
  `created_at` timestamp NULL DEFAULT NULL
) ENGINE=MyISAM DEFAULT CHARSET=utf8mb4 COLLATE=utf8mb4_unicode_ci;

-- --------------------------------------------------------

--
-- Table structure for table `permissions`
--

CREATE TABLE `permissions` (
  `id` bigint(20) UNSIGNED NOT NULL,
  `name` varchar(191) COLLATE utf8mb4_unicode_ci NOT NULL,
  `guard_name` varchar(191) COLLATE utf8mb4_unicode_ci NOT NULL,
  `created_at` timestamp NULL DEFAULT NULL,
  `updated_at` timestamp NULL DEFAULT NULL
) ENGINE=MyISAM DEFAULT CHARSET=utf8mb4 COLLATE=utf8mb4_unicode_ci;

--
-- Dumping data for table `permissions`
--

INSERT INTO `permissions` (`id`, `name`, `guard_name`, `created_at`, `updated_at`) VALUES
(1, 'admins.manage', 'admin', '2020-11-03 13:55:35', '2020-11-03 13:55:35'),
(2, 'admins.add', 'admin', '2020-11-03 13:55:35', '2020-11-03 13:55:35'),
(3, 'admins.edit', 'admin', '2020-11-03 13:55:35', '2020-11-03 13:55:35'),
(4, 'admins.delete', 'admin', '2020-11-03 13:55:35', '2020-11-03 13:55:35'),
(5, 'contactus.manage', 'admin', '2020-11-03 13:55:35', '2020-11-03 13:55:35'),
(6, 'permissions.manage', 'admin', '2020-11-03 13:55:35', '2020-11-03 13:55:35'),
(7, 'roles.manage', 'admin', '2020-11-03 13:55:35', '2020-11-03 13:55:35'),
(8, 'sliders.manage', 'admin', '2020-11-03 13:55:35', '2020-11-03 13:55:35'),
(9, 'sliders.add', 'admin', '2020-11-03 13:55:35', '2020-11-03 13:55:35'),
(10, 'sliders.edit', 'admin', '2020-11-03 13:55:35', '2020-11-03 13:55:35'),
(11, 'sliders.delete', 'admin', '2020-11-03 13:55:35', '2020-11-03 13:55:35'),
(12, 'pages.manage', 'admin', '2020-11-03 13:55:35', '2020-11-03 13:55:35'),
(13, 'pages.add', 'admin', '2020-11-03 13:55:35', '2020-11-03 13:55:35'),
(14, 'pages.edit', 'admin', '2020-11-03 13:55:35', '2020-11-03 13:55:35'),
(15, 'pages.delete', 'admin', '2020-11-03 13:55:35', '2020-11-03 13:55:35'),
(16, 'items.manage', 'admin', '2020-11-03 13:55:35', '2020-11-03 13:55:35'),
(17, 'items.add', 'admin', '2020-11-03 13:55:35', '2020-11-03 13:55:35'),
(18, 'items.edit', 'admin', '2020-11-03 13:55:35', '2020-11-03 13:55:35'),
(19, 'items.delete', 'admin', '2020-11-03 13:55:35', '2020-11-03 13:55:35'),
(20, 'administratives.manage', 'admin', '2020-11-03 13:55:35', '2020-11-03 13:55:35'),
(21, 'administratives.add', 'admin', '2020-11-03 13:55:35', '2020-11-03 13:55:35'),
(22, 'administratives.edit', 'admin', '2020-11-03 13:55:35', '2020-11-03 13:55:35'),
(23, 'administratives.delete', 'admin', '2020-11-03 13:55:35', '2020-11-03 13:55:35'),
(24, 'albums.manage', 'admin', '2020-11-03 13:55:35', '2020-11-03 13:55:35'),
(25, 'albums.add', 'admin', '2020-11-03 13:55:35', '2020-11-03 13:55:35'),
(26, 'albums.edit', 'admin', '2020-11-03 13:55:35', '2020-11-03 13:55:35'),
(27, 'albums.delete', 'admin', '2020-11-03 13:55:35', '2020-11-03 13:55:35'),
(28, 'ashom.manage', 'admin', '2020-11-03 13:55:35', '2020-11-03 13:55:35'),
(29, 'ashom.add', 'admin', '2020-11-03 13:55:35', '2020-11-03 13:55:35'),
(30, 'ashom.edit', 'admin', '2020-11-03 13:55:35', '2020-11-03 13:55:35'),
(31, 'ashom.delete', 'admin', '2020-11-03 13:55:35', '2020-11-03 13:55:35'),
(32, 'attributes.manage', 'admin', '2020-11-03 13:55:35', '2020-11-03 13:55:35'),
(33, 'attributes.add', 'admin', '2020-11-03 13:55:35', '2020-11-03 13:55:35'),
(34, 'attributes.edit', 'admin', '2020-11-03 13:55:35', '2020-11-03 13:55:35'),
(35, 'attributes.delete', 'admin', '2020-11-03 13:55:35', '2020-11-03 13:55:35'),
(36, 'cities.manage', 'admin', '2020-11-03 13:55:35', '2020-11-03 13:55:35'),
(37, 'cities.add', 'admin', '2020-11-03 13:55:35', '2020-11-03 13:55:35'),
(38, 'cities.edit', 'admin', '2020-11-03 13:55:35', '2020-11-03 13:55:35'),
(39, 'cities.delete', 'admin', '2020-11-03 13:55:35', '2020-11-03 13:55:35'),
(40, 'jobs.manage', 'admin', '2020-11-03 13:55:35', '2020-11-03 13:55:35'),
(41, 'jobs.add', 'admin', '2020-11-03 13:55:35', '2020-11-03 13:55:35'),
(42, 'jobs.edit', 'admin', '2020-11-03 13:55:35', '2020-11-03 13:55:35'),
(43, 'jobs.delete', 'admin', '2020-11-03 13:55:35', '2020-11-03 13:55:35'),
(44, 'jobApplications.manage', 'admin', '2020-11-03 13:55:35', '2020-11-03 13:55:35'),
(45, 'jobApplications.add', 'admin', '2020-11-03 13:55:35', '2020-11-03 13:55:35'),
(46, 'jobApplications.edit', 'admin', '2020-11-03 13:55:35', '2020-11-03 13:55:35'),
(47, 'jobApplications.delete', 'admin', '2020-11-03 13:55:35', '2020-11-03 13:55:35'),
(48, 'nationalities.manage', 'admin', '2020-11-03 13:55:35', '2020-11-03 13:55:35'),
(49, 'nationalities.add', 'admin', '2020-11-03 13:55:35', '2020-11-03 13:55:35'),
(50, 'nationalities.edit', 'admin', '2020-11-03 13:55:35', '2020-11-03 13:55:35'),
(51, 'nationalities.delete', 'admin', '2020-11-03 13:55:35', '2020-11-03 13:55:35'),
(52, 'news.manage', 'admin', '2020-11-03 13:55:35', '2020-11-03 13:55:35'),
(53, 'news.add', 'admin', '2020-11-03 13:55:35', '2020-11-03 13:55:35'),
(54, 'news.edit', 'admin', '2020-11-03 13:55:35', '2020-11-03 13:55:35'),
(55, 'news.delete', 'admin', '2020-11-03 13:55:35', '2020-11-03 13:55:35'),
(56, 'albumImages.manage', 'admin', '2020-11-03 13:55:35', '2020-11-03 13:55:35'),
(57, 'albumImages.add', 'admin', '2020-11-03 13:55:35', '2020-11-03 13:55:35'),
(58, 'albumImages.edit', 'admin', '2020-11-03 13:55:35', '2020-11-03 13:55:35'),
(59, 'albumImages.delete', 'admin', '2020-11-03 13:55:35', '2020-11-03 13:55:35'),
(60, 'newsCategories.manage', 'admin', '2020-11-03 13:55:35', '2020-11-03 13:55:35'),
(61, 'newsCategories.add', 'admin', '2020-11-03 13:55:35', '2020-11-03 13:55:35'),
(62, 'newsCategories.edit', 'admin', '2020-11-03 13:55:35', '2020-11-03 13:55:35'),
(63, 'newsCategories.delete', 'admin', '2020-11-03 13:55:35', '2020-11-03 13:55:35'),
(64, 'qualifications.manage', 'admin', '2020-11-03 13:55:35', '2020-11-03 13:55:35'),
(65, 'qualifications.add', 'admin', '2020-11-03 13:55:35', '2020-11-03 13:55:35'),
(66, 'qualifications.edit', 'admin', '2020-11-03 13:55:35', '2020-11-03 13:55:35'),
(67, 'qualifications.delete', 'admin', '2020-11-03 13:55:35', '2020-11-03 13:55:35'),
(68, 'sadakat.manage', 'admin', '2020-11-03 13:55:35', '2020-11-03 13:55:35'),
(69, 'sadakat.add', 'admin', '2020-11-03 13:55:35', '2020-11-03 13:55:35'),
(70, 'sadakat.edit', 'admin', '2020-11-03 13:55:35', '2020-11-03 13:55:35'),
(71, 'sadakat.delete', 'admin', '2020-11-03 13:55:35', '2020-11-03 13:55:35'),
(72, 'videos.manage', 'admin', '2020-11-03 13:55:35', '2020-11-03 13:55:35'),
(73, 'videos.add', 'admin', '2020-11-03 13:55:35', '2020-11-03 13:55:35'),
(74, 'videos.edit', 'admin', '2020-11-03 13:55:35', '2020-11-03 13:55:35'),
(75, 'videos.delete', 'admin', '2020-11-03 13:55:35', '2020-11-03 13:55:35'),
(76, 'zakah.manage', 'admin', '2020-11-03 13:55:35', '2020-11-03 13:55:35'),
(77, 'zakah.add', 'admin', '2020-11-03 13:55:35', '2020-11-03 13:55:35'),
(78, 'zakah.edit', 'admin', '2020-11-03 13:55:35', '2020-11-03 13:55:35'),
(79, 'zakah.delete', 'admin', '2020-11-03 13:55:35', '2020-11-03 13:55:35'),
(80, 'helpRequests.manage', 'admin', '2020-11-03 13:55:35', '2020-11-03 13:55:35'),
(81, 'helpRequests.add', 'admin', '2020-11-03 13:55:35', '2020-11-03 13:55:35'),
(82, 'helpRequests.edit', 'admin', '2020-11-03 13:55:35', '2020-11-03 13:55:35'),
(83, 'helpRequests.delete', 'admin', '2020-11-03 13:55:35', '2020-11-03 13:55:35');

-- --------------------------------------------------------

--
-- Table structure for table `qualifications`
--

CREATE TABLE `qualifications` (
  `id` bigint(20) UNSIGNED NOT NULL,
  `name` varchar(191) COLLATE utf8mb4_unicode_ci NOT NULL,
  `deleted_at` timestamp NULL DEFAULT NULL,
  `created_at` timestamp NOT NULL DEFAULT CURRENT_TIMESTAMP,
  `updated_at` timestamp NOT NULL DEFAULT CURRENT_TIMESTAMP ON UPDATE CURRENT_TIMESTAMP
) ENGINE=MyISAM DEFAULT CHARSET=utf8mb4 COLLATE=utf8mb4_unicode_ci;

--
-- Dumping data for table `qualifications`
--

INSERT INTO `qualifications` (`id`, `name`, `deleted_at`, `created_at`, `updated_at`) VALUES
(1, 'مهندس', '2020-11-04 14:21:18', '2020-11-03 14:05:47', '2020-11-04 14:21:18'),
(2, 'السيدة يسرى العتيبي', '2020-11-04 14:16:44', '2020-11-03 15:02:30', '2020-11-04 14:16:44'),
(3, 'عزيزة الراجحي', '2020-11-04 14:20:36', '2020-11-03 15:02:30', '2020-11-04 14:20:36'),
(4, 'ريان السليم', '2020-11-04 14:20:39', '2020-11-03 15:02:30', '2020-11-04 14:20:39'),
(5, 'موسى جمزه جابر الصامل', '2020-11-04 14:20:41', '2020-11-03 15:02:30', '2020-11-04 14:20:41'),
(6, 'بهجة القحطاني', '2020-11-04 14:20:44', '2020-11-03 15:02:30', '2020-11-04 14:20:44'),
(7, 'عبد الهادي السمير', '2020-11-04 14:20:47', '2020-11-03 15:02:30', '2020-11-04 14:20:47'),
(8, 'الدكتورة فرح الجهني', '2020-11-04 14:20:49', '2020-11-03 15:02:30', '2020-11-04 14:20:49'),
(9, 'رنا ذيب العمرو', '2020-11-04 14:20:52', '2020-11-03 15:02:30', '2020-11-04 14:20:52'),
(10, 'عروة أسعد راجح الفرحان', '2020-11-04 14:20:34', '2020-11-03 15:02:30', '2020-11-04 14:20:34'),
(11, 'اسحاق مدني', '2020-11-04 14:20:29', '2020-11-03 15:02:30', '2020-11-04 14:20:29'),
(12, 'روان الشهيل', '2020-11-04 14:20:21', '2020-11-03 15:02:30', '2020-11-04 14:20:21'),
(13, 'ديانا الراجحي', '2020-11-04 14:20:17', '2020-11-03 15:02:30', '2020-11-04 14:20:17'),
(14, 'آلاء السيف', '2020-11-04 14:20:12', '2020-11-03 15:02:30', '2020-11-04 14:20:12'),
(15, 'زها الحنتوشي', '2020-11-04 14:20:07', '2020-11-03 15:02:30', '2020-11-04 14:20:07'),
(16, 'رهام الشيباني', '2020-11-04 14:20:01', '2020-11-03 15:02:30', '2020-11-04 14:20:01'),
(17, 'الآنسة أمينة السويلم', '2020-11-04 14:19:57', '2020-11-03 15:02:30', '2020-11-04 14:19:57'),
(18, 'يزن عبد الرزاق مسعد الشهيل', '2020-11-04 14:19:55', '2020-11-03 15:02:30', '2020-11-04 14:19:55'),
(19, 'الآنسة رواء السليم', '2020-11-04 14:19:59', '2020-11-03 15:02:30', '2020-11-04 14:19:59'),
(20, 'الآنسة ليان القحطاني', '2020-11-04 14:20:03', '2020-11-03 15:02:30', '2020-11-04 14:20:03'),
(21, 'المهندسة بتول العرفج', '2020-11-04 14:20:09', '2020-11-03 15:02:30', '2020-11-04 14:20:09'),
(22, 'ناجي السالم', '2020-11-04 14:20:14', '2020-11-03 15:02:30', '2020-11-04 14:20:14'),
(23, 'رويدة السهلي', '2020-11-04 14:20:19', '2020-11-03 15:02:30', '2020-11-04 14:20:19'),
(24, 'شرين السمير', '2020-11-04 14:20:24', '2020-11-03 15:02:30', '2020-11-04 14:20:24'),
(25, 'وسن العرفج', '2020-11-04 14:20:31', '2020-11-03 15:02:30', '2020-11-04 14:20:31'),
(26, 'حليمة الأسمري', '2020-11-04 14:20:54', '2020-11-03 15:02:30', '2020-11-04 14:20:54'),
(27, 'فادي السعيد', '2020-11-04 14:19:53', '2020-11-03 15:02:30', '2020-11-04 14:19:53'),
(28, 'سوسن الشهيل', '2020-11-04 14:19:49', '2020-11-03 15:02:30', '2020-11-04 14:19:49'),
(29, 'ليدا رماح العمرو', '2020-11-04 14:19:46', '2020-11-03 15:02:30', '2020-11-04 14:19:46'),
(30, 'إسماعيل الداوود', '2020-11-04 14:19:44', '2020-11-03 15:02:30', '2020-11-04 14:19:44'),
(31, 'ياسمين الشهري', '2020-11-04 14:19:38', '2020-11-03 15:02:30', '2020-11-04 14:19:38'),
(32, 'نسرين الياس كفاح الراجحي', '2020-11-04 14:19:35', '2020-11-03 15:02:30', '2020-11-04 14:19:35'),
(33, 'يزن الجريد', '2020-11-04 14:19:33', '2020-11-03 15:02:30', '2020-11-04 14:19:33'),
(34, 'سهى الحميد', '2020-11-04 14:19:28', '2020-11-03 15:02:30', '2020-11-04 14:19:28'),
(35, 'صهيب بهاء مدحت الفريدي', '2020-11-04 14:19:25', '2020-11-03 15:02:30', '2020-11-04 14:19:25'),
(36, 'مازن السويلم', '2020-11-04 14:19:22', '2020-11-03 15:02:30', '2020-11-04 14:19:22'),
(37, 'لورينا الصقير', '2020-11-04 14:19:18', '2020-11-03 15:02:30', '2020-11-04 14:19:18'),
(38, 'نديم السماعيل', '2020-11-04 14:19:15', '2020-11-03 15:02:30', '2020-11-04 14:19:15'),
(39, 'فادي عمار الأسمري', '2020-11-04 14:19:12', '2020-11-03 15:02:30', '2020-11-04 14:19:12'),
(40, 'ميناس السمير', '2020-11-04 14:19:03', '2020-11-03 15:02:30', '2020-11-04 14:19:03'),
(41, 'فوزية الصامل', '2020-11-04 14:19:00', '2020-11-03 15:02:30', '2020-11-04 14:19:00'),
(42, 'وسن القحطاني', '2020-11-04 14:18:28', '2020-11-03 15:02:30', '2020-11-04 14:18:28'),
(43, 'رابعة العزم عنان الماجد', '2020-11-04 14:18:24', '2020-11-03 15:02:30', '2020-11-04 14:18:24'),
(44, 'بشرى الحصين', '2020-11-04 14:18:22', '2020-11-03 15:02:30', '2020-11-04 14:18:22'),
(45, 'زهير يوسف قصي الخضيري', '2020-11-04 14:18:20', '2020-11-03 15:02:30', '2020-11-04 14:18:20'),
(46, 'الآنسة هنادي العنزي', '2020-11-04 14:18:15', '2020-11-03 15:02:30', '2020-11-04 14:18:15'),
(47, 'فتحية المنيف', '2020-11-04 14:18:10', '2020-11-03 15:02:30', '2020-11-04 14:18:10'),
(48, 'بهاء المنيف', '2020-11-04 14:18:05', '2020-11-03 15:02:30', '2020-11-04 14:18:05'),
(49, 'الآنسة عائشة الراجحي', '2020-11-04 14:18:03', '2020-11-03 15:02:30', '2020-11-04 14:18:03'),
(50, 'زين العابدين نائل العنزي', '2020-11-04 14:17:59', '2020-11-03 15:02:30', '2020-11-04 14:17:59'),
(51, 'نعمه الشهيل', '2020-11-04 14:17:52', '2020-11-03 15:02:30', '2020-11-04 14:17:52'),
(52, 'سرمد كايد اشراف السيف', '2020-11-04 14:17:47', '2020-11-03 15:02:30', '2020-11-04 14:17:47'),
(53, 'السيدة نوال هوساوي', '2020-11-04 14:17:43', '2020-11-03 15:02:30', '2020-11-04 14:17:43'),
(54, 'نوفان عزالدين اسعد هوساوي', '2020-11-04 14:17:37', '2020-11-03 15:02:30', '2020-11-04 14:17:37'),
(55, 'المهندسة شريفة السعيد', '2020-11-04 14:17:33', '2020-11-03 15:02:30', '2020-11-04 14:17:33'),
(56, 'ميناس مكي', '2020-11-04 14:17:28', '2020-11-03 15:02:30', '2020-11-04 14:17:28'),
(57, 'عامر الصقيه', '2020-11-04 14:17:21', '2020-11-03 15:02:30', '2020-11-04 14:17:21'),
(58, 'رهام العقل', '2020-11-04 14:17:13', '2020-11-03 15:02:30', '2020-11-04 14:17:13'),
(59, 'أحمد العنزي', '2020-11-04 14:17:10', '2020-11-03 15:02:30', '2020-11-04 14:17:10'),
(60, 'علياء السماري', '2020-11-04 14:17:07', '2020-11-03 15:02:30', '2020-11-04 14:17:07'),
(61, 'بيسان الجهني', '2020-11-04 14:17:02', '2020-11-03 15:02:30', '2020-11-04 14:17:02'),
(62, 'اسيل الأحمري', '2020-11-04 14:16:55', '2020-11-03 15:02:30', '2020-11-04 14:16:55'),
(63, 'المهندسة فيروز العنزي', '2020-11-04 14:16:48', '2020-11-03 15:02:30', '2020-11-04 14:16:48'),
(64, 'اسعد الداوود', '2020-11-04 14:16:46', '2020-11-03 15:02:30', '2020-11-04 14:16:46'),
(65, 'ثريا مامون العرفج', '2020-11-04 14:16:50', '2020-11-03 15:02:30', '2020-11-04 14:16:50'),
(66, 'ختام خليل السعيد', '2020-11-04 14:16:59', '2020-11-03 15:02:30', '2020-11-04 14:16:59'),
(67, 'أمنة العمرو', '2020-11-04 14:17:05', '2020-11-03 15:02:30', '2020-11-04 14:17:05'),
(68, 'نورس الشهيل', '2020-11-04 14:17:19', '2020-11-03 15:02:30', '2020-11-04 14:17:19'),
(69, 'الدكتورة غزل العسكر', '2020-11-04 14:17:24', '2020-11-03 15:02:30', '2020-11-04 14:17:24'),
(70, 'شريهان مهاب الفرحان', '2020-11-04 14:17:30', '2020-11-03 15:02:30', '2020-11-04 14:17:30'),
(71, 'السيدة هلا الراجحي', '2020-11-04 14:17:45', '2020-11-03 15:02:30', '2020-11-04 14:17:45'),
(72, 'زها مظفر العمرو', '2020-11-04 14:17:50', '2020-11-03 15:02:30', '2020-11-04 14:17:50'),
(73, 'ميسر الحميد', '2020-11-04 14:17:56', '2020-11-03 15:02:30', '2020-11-04 14:17:56'),
(74, 'شذى نجيب بليغ الخضيري', '2020-11-04 14:18:08', '2020-11-03 15:02:30', '2020-11-04 14:18:08'),
(75, 'السيدة أنعام الشيباني', '2020-11-04 14:18:13', '2020-11-03 15:02:30', '2020-11-04 14:18:13'),
(76, 'صفية مدني', '2020-11-04 14:18:17', '2020-11-03 15:02:30', '2020-11-04 14:18:17'),
(77, 'هشام اسامة فريد الشهري', '2020-11-04 14:18:26', '2020-11-03 15:02:30', '2020-11-04 14:18:26'),
(78, 'سمية عبدالمهيمن الفريدي', '2020-11-04 14:18:57', '2020-11-03 15:02:30', '2020-11-04 14:18:57'),
(79, 'السيدة عنود العرفج', '2020-11-04 14:18:53', '2020-11-03 15:02:30', '2020-11-04 14:18:53'),
(80, 'حمود مكي', '2020-11-04 14:18:51', '2020-11-03 15:02:30', '2020-11-04 14:18:51'),
(81, 'امير القحطاني', '2020-11-04 14:18:49', '2020-11-03 15:02:30', '2020-11-04 14:18:49'),
(82, 'المهندسة سوسن السماعيل', '2020-11-04 14:18:44', '2020-11-03 15:02:30', '2020-11-04 14:18:44'),
(83, 'عبد الرزاق الفيفي', '2020-11-04 14:18:42', '2020-11-03 15:02:30', '2020-11-04 14:18:42'),
(84, 'رناد رجا برماوي', '2020-11-04 14:18:40', '2020-11-03 15:02:30', '2020-11-04 14:18:40'),
(85, 'المهندسة حبيبة المقبل', '2020-11-04 14:18:33', '2020-11-03 15:02:30', '2020-11-04 14:18:33'),
(86, 'السيدة نادية الفريدي', '2020-11-04 14:18:31', '2020-11-03 15:02:30', '2020-11-04 14:18:31'),
(87, 'الآنسة نوران السويلم', '2020-11-04 14:18:35', '2020-11-03 15:02:30', '2020-11-04 14:18:35'),
(88, 'الآنسة ملاك السويلم', '2020-11-04 14:18:47', '2020-11-03 15:02:30', '2020-11-04 14:18:47'),
(89, 'السيدة تماضر الصقيه', '2020-11-04 14:18:55', '2020-11-03 15:02:30', '2020-11-04 14:18:55'),
(90, 'ناديه السمير', '2020-11-04 14:19:10', '2020-11-03 15:02:30', '2020-11-04 14:19:10'),
(91, 'عزيزة فادي وصفي سقا', '2020-11-04 14:19:20', '2020-11-03 15:02:30', '2020-11-04 14:19:20'),
(92, 'هلال السالم', '2020-11-04 14:19:31', '2020-11-03 15:02:30', '2020-11-04 14:19:31'),
(93, 'حسين آدم الحميد', '2020-11-04 14:19:40', '2020-11-03 15:02:30', '2020-11-04 14:19:40'),
(94, 'أكرم باشا', '2020-11-04 14:19:51', '2020-11-03 15:02:30', '2020-11-04 14:19:51'),
(95, 'الآنسة راغدة الأحمري', '2020-11-04 14:20:57', '2020-11-03 15:02:30', '2020-11-04 14:20:57'),
(96, 'فيروز السهلي', '2020-11-04 14:21:00', '2020-11-03 15:02:30', '2020-11-04 14:21:00'),
(97, 'عنان الصامل', '2020-11-04 14:21:03', '2020-11-03 15:02:30', '2020-11-04 14:21:03'),
(98, 'قمر الشهيل', '2020-11-04 14:21:05', '2020-11-03 15:02:30', '2020-11-04 14:21:05'),
(99, 'وسن باهر عبدالحليم الأحمري', '2020-11-04 14:21:08', '2020-11-03 15:02:30', '2020-11-04 14:21:08'),
(100, 'رشا الخضيري', '2020-11-04 14:21:10', '2020-11-03 15:02:30', '2020-11-04 14:21:10'),
(101, 'ضياء الدين’,  المطرفي', '2020-11-04 14:21:13', '2020-11-03 15:02:30', '2020-11-04 14:21:13'),
(102, 'مؤهل 1', NULL, '2020-11-08 13:42:05', '2020-11-08 13:42:05'),
(103, 'مؤهل 2', '2020-11-11 13:08:18', '2020-11-08 13:42:12', '2020-11-11 13:08:18'),
(104, 'مؤهل 2', NULL, '2020-11-11 13:08:32', '2020-11-11 13:08:32'),
(105, 'test', NULL, '2020-11-18 20:51:43', '2020-11-18 20:51:43');

-- --------------------------------------------------------

--
-- Table structure for table `reports`
--

CREATE TABLE `reports` (
  `id` bigint(20) UNSIGNED NOT NULL,
  `subject` varchar(191) COLLATE utf8mb4_unicode_ci NOT NULL,
  `email` varchar(191) COLLATE utf8mb4_unicode_ci NOT NULL,
  `message` varchar(191) COLLATE utf8mb4_unicode_ci NOT NULL,
  `name` varchar(191) COLLATE utf8mb4_unicode_ci NOT NULL,
  `user_id` bigint(20) UNSIGNED DEFAULT NULL,
  `phone` bigint(20) UNSIGNED DEFAULT NULL,
  `deleted_at` timestamp NULL DEFAULT NULL,
  `created_at` timestamp NOT NULL DEFAULT CURRENT_TIMESTAMP,
  `updated_at` timestamp NOT NULL DEFAULT CURRENT_TIMESTAMP ON UPDATE CURRENT_TIMESTAMP
) ENGINE=MyISAM DEFAULT CHARSET=utf8mb4 COLLATE=utf8mb4_unicode_ci;

-- --------------------------------------------------------

--
-- Table structure for table `roles`
--

CREATE TABLE `roles` (
  `id` bigint(20) UNSIGNED NOT NULL,
  `name` varchar(191) COLLATE utf8mb4_unicode_ci NOT NULL,
  `guard_name` varchar(191) COLLATE utf8mb4_unicode_ci NOT NULL,
  `created_at` timestamp NULL DEFAULT NULL,
  `updated_at` timestamp NULL DEFAULT NULL
) ENGINE=MyISAM DEFAULT CHARSET=utf8mb4 COLLATE=utf8mb4_unicode_ci;

--
-- Dumping data for table `roles`
--

INSERT INTO `roles` (`id`, `name`, `guard_name`, `created_at`, `updated_at`) VALUES
(1, 'super-admin', 'admin', '2020-11-03 13:55:35', '2020-11-03 13:55:35');

-- --------------------------------------------------------

--
-- Table structure for table `role_has_permissions`
--

CREATE TABLE `role_has_permissions` (
  `permission_id` bigint(20) UNSIGNED NOT NULL,
  `role_id` bigint(20) UNSIGNED NOT NULL
) ENGINE=MyISAM DEFAULT CHARSET=utf8mb4 COLLATE=utf8mb4_unicode_ci;

--
-- Dumping data for table `role_has_permissions`
--

INSERT INTO `role_has_permissions` (`permission_id`, `role_id`) VALUES
(1, 1),
(2, 1),
(3, 1),
(4, 1),
(5, 1),
(6, 1),
(7, 1),
(8, 1),
(9, 1),
(10, 1),
(11, 1),
(12, 1),
(13, 1),
(14, 1),
(15, 1),
(16, 1),
(17, 1),
(18, 1),
(19, 1),
(20, 1),
(21, 1),
(22, 1),
(23, 1),
(24, 1),
(25, 1),
(26, 1),
(27, 1),
(28, 1),
(29, 1),
(30, 1),
(31, 1),
(32, 1),
(33, 1),
(34, 1),
(35, 1),
(36, 1),
(37, 1),
(38, 1),
(39, 1),
(40, 1),
(41, 1),
(42, 1),
(43, 1),
(44, 1),
(45, 1),
(46, 1),
(47, 1),
(48, 1),
(49, 1),
(50, 1),
(51, 1),
(52, 1),
(53, 1),
(54, 1),
(55, 1),
(56, 1),
(57, 1),
(58, 1),
(59, 1),
(60, 1),
(61, 1),
(62, 1),
(63, 1),
(64, 1),
(65, 1),
(66, 1),
(67, 1),
(68, 1),
(69, 1),
(70, 1),
(71, 1),
(72, 1),
(73, 1),
(74, 1),
(75, 1),
(76, 1),
(77, 1),
(78, 1),
(79, 1),
(80, 1),
(81, 1),
(82, 1),
(83, 1);

-- --------------------------------------------------------

--
-- Table structure for table `sadakat`
--

CREATE TABLE `sadakat` (
  `id` bigint(20) UNSIGNED NOT NULL,
  `name` varchar(191) COLLATE utf8mb4_unicode_ci NOT NULL,
  `price` varchar(191) COLLATE utf8mb4_unicode_ci NOT NULL,
  `deleted_at` timestamp NULL DEFAULT NULL,
  `created_at` timestamp NOT NULL DEFAULT CURRENT_TIMESTAMP,
  `updated_at` timestamp NOT NULL DEFAULT CURRENT_TIMESTAMP ON UPDATE CURRENT_TIMESTAMP
) ENGINE=MyISAM DEFAULT CHARSET=utf8mb4 COLLATE=utf8mb4_unicode_ci;

--
-- Dumping data for table `sadakat`
--

INSERT INTO `sadakat` (`id`, `name`, `price`, `deleted_at`, `created_at`, `updated_at`) VALUES
(1, 'صدقات', '50', '2020-11-15 12:43:08', '2020-11-03 14:05:59', '2020-11-15 12:43:08'),
(2, 'صدقات', '100', '2020-11-04 15:03:07', '2020-11-03 14:06:06', '2020-11-04 15:03:07'),
(3, 'مشهور السيف', '758514', '2020-11-04 14:57:12', '2020-11-03 15:02:30', '2020-11-04 14:57:12'),
(4, 'داوود السهلي', '674462', '2020-11-04 14:58:13', '2020-11-03 15:02:30', '2020-11-04 14:58:13'),
(5, 'سميح عدب الخضيري', '53087', '2020-11-04 14:58:16', '2020-11-03 15:02:30', '2020-11-04 14:58:16'),
(6, 'جاسر البراء القحطاني', '917216', '2020-11-04 14:58:18', '2020-11-03 15:02:30', '2020-11-04 14:58:18'),
(7, 'فؤاد ربيع يحيى مدني', '772504', '2020-11-04 14:58:20', '2020-11-03 15:02:30', '2020-11-04 14:58:20'),
(8, 'بشار جواهرجي', '609262', '2020-11-04 14:58:21', '2020-11-03 15:02:30', '2020-11-04 14:58:21'),
(9, 'جهاد امين رضوان العتيبي', '358957', '2020-11-04 14:58:23', '2020-11-03 15:02:30', '2020-11-04 14:58:23'),
(10, 'الآنسة ميسر السويلم', '947855', '2020-11-04 14:58:25', '2020-11-03 15:02:30', '2020-11-04 14:58:25'),
(11, 'الآنسة ردينة مدني', '87096', '2020-11-04 14:58:27', '2020-11-03 15:02:30', '2020-11-04 14:58:27'),
(12, 'فائق الأسمري', '463536', '2020-11-04 14:58:29', '2020-11-03 15:02:30', '2020-11-04 14:58:29'),
(13, 'بنان الفرحان', '289064', '2020-11-04 14:58:31', '2020-11-03 15:02:30', '2020-11-04 14:58:31'),
(14, 'اديب العقل', '810851', '2020-11-04 14:58:33', '2020-11-03 15:02:30', '2020-11-04 14:58:33'),
(15, 'المهندسة ارجوان الحنتوشي', '652054', '2020-11-04 14:58:35', '2020-11-03 15:02:30', '2020-11-04 14:58:35'),
(16, 'نعمه الحنتوشي', '16713', '2020-11-04 14:58:37', '2020-11-03 15:02:30', '2020-11-04 14:58:37'),
(17, 'الآنسة فتحية الشيباني', '237221', '2020-11-04 14:58:38', '2020-11-03 15:02:30', '2020-11-04 14:58:38'),
(18, 'عبدالرزاق الشيباني', '120636', '2020-11-04 14:58:41', '2020-11-03 15:02:30', '2020-11-04 14:58:41'),
(19, 'عز الدين زين العابدين بكر السويلم', '356539', '2020-11-04 14:58:46', '2020-11-03 15:02:30', '2020-11-04 14:58:46'),
(20, 'ميسم شهم القحطاني', '242538', '2020-11-04 14:58:48', '2020-11-03 15:02:30', '2020-11-04 14:58:48'),
(21, 'سهير العتيبي', '520998', '2020-11-04 14:58:50', '2020-11-03 15:02:30', '2020-11-04 14:58:50'),
(22, 'راوية الفرحان', '923654', '2020-11-04 14:58:54', '2020-11-03 15:02:30', '2020-11-04 14:58:54'),
(23, 'عبد الرحيم هوساوي', '347311', '2020-11-04 14:58:56', '2020-11-03 15:02:30', '2020-11-04 14:58:56'),
(24, 'رنا الخضيري', '905577', '2020-11-04 15:00:01', '2020-11-03 15:02:30', '2020-11-04 15:00:01'),
(25, 'شيماء العقل', '303786', '2020-11-04 15:00:03', '2020-11-03 15:02:30', '2020-11-04 15:00:03'),
(26, 'حاكم عدب مبارك الحصين', '699438', '2020-11-04 15:00:05', '2020-11-03 15:02:30', '2020-11-04 15:00:05'),
(27, 'حمدان السماعيل', '611276', '2020-11-04 15:00:07', '2020-11-03 15:02:30', '2020-11-04 15:00:07'),
(28, 'فيروز براء اكثم الحصين', '578877', '2020-11-04 15:00:09', '2020-11-03 15:02:30', '2020-11-04 15:00:09'),
(29, 'الآنسة رغدة الحنتوشي', '171567', '2020-11-04 15:00:11', '2020-11-03 15:02:30', '2020-11-04 15:00:11'),
(30, 'اسيل عدلي اسامة الخالدي', '707715', '2020-11-04 15:00:13', '2020-11-03 15:02:30', '2020-11-04 15:00:13'),
(31, 'وضاح الفيفي', '296594', '2020-11-04 15:00:15', '2020-11-03 15:02:30', '2020-11-04 15:00:15'),
(32, 'عبد الناصر عبدالعزيز السليم', '828749', '2020-11-04 15:00:17', '2020-11-03 15:02:30', '2020-11-04 15:00:17'),
(33, 'أنور مرشد عبدالرحيم باشا', '279179', '2020-11-04 15:00:19', '2020-11-03 15:02:30', '2020-11-04 15:00:19'),
(34, 'معمر وجدي المطرفي', '676779', '2020-11-04 15:00:22', '2020-11-03 15:02:30', '2020-11-04 15:00:22'),
(35, 'الآنسة هازار المشيقح', '92897', '2020-11-04 15:00:24', '2020-11-03 15:02:30', '2020-11-04 15:00:24'),
(36, 'تحرير باشا', '639607', '2020-11-04 15:00:26', '2020-11-03 15:02:30', '2020-11-04 15:00:26'),
(37, 'صفاء سهم القحطاني', '157925', '2020-11-04 15:00:28', '2020-11-03 15:02:30', '2020-11-04 15:00:28'),
(38, 'الدكتورة ندى الصامل', '791166', '2020-11-04 15:00:31', '2020-11-03 15:02:30', '2020-11-04 15:00:31'),
(39, 'نوران وليد راغب الجريد', '743155', '2020-11-04 15:00:35', '2020-11-03 15:02:30', '2020-11-04 15:00:35'),
(40, 'الآنسة تغريد الفرحان', '624626', '2020-11-04 15:00:37', '2020-11-03 15:02:30', '2020-11-04 15:00:37'),
(41, 'هيفاء العنزي', '70473', '2020-11-04 15:00:40', '2020-11-03 15:02:30', '2020-11-04 15:00:40'),
(42, 'المهندسة أسماء الفرحان', '810332', '2020-11-04 15:00:42', '2020-11-03 15:02:30', '2020-11-04 15:00:42'),
(43, 'بشير الصقير', '5668', '2020-11-04 15:00:44', '2020-11-03 15:02:30', '2020-11-04 15:00:44'),
(44, 'رقية الخضيري', '1389', '2020-11-04 15:00:45', '2020-11-03 15:02:30', '2020-11-04 15:00:45'),
(45, 'عبدالفتاح عبد الهادي الحصين', '983918', '2020-11-04 15:00:47', '2020-11-03 15:02:30', '2020-11-04 15:00:47'),
(46, 'بلال السماري', '222061', '2020-11-04 15:00:49', '2020-11-03 15:02:30', '2020-11-04 15:00:49'),
(47, 'نعمان عبد المولى السهلي', '471707', '2020-11-04 15:00:51', '2020-11-03 15:02:30', '2020-11-04 15:00:51'),
(48, 'رداد سري المطرفي', '319435', '2020-11-04 15:00:53', '2020-11-03 15:02:30', '2020-11-04 15:00:53'),
(49, 'ضحى إيهاب الفرحان', '203661', '2020-11-04 15:00:55', '2020-11-03 15:02:30', '2020-11-04 15:00:55'),
(50, 'نوال الحميد', '377640', '2020-11-04 15:00:57', '2020-11-03 15:02:30', '2020-11-04 15:00:57'),
(51, 'مياده الداوود', '786556', '2020-11-04 15:00:59', '2020-11-03 15:02:30', '2020-11-04 15:00:59'),
(52, 'الدكتورة سجى العمرو', '6735', '2020-11-04 15:01:01', '2020-11-03 15:02:30', '2020-11-04 15:01:01'),
(53, 'مريم عبد ربه السيف', '880786', '2020-11-04 15:01:05', '2020-11-03 15:02:30', '2020-11-04 15:01:05'),
(54, 'مضر عايد الماجد', '705686', '2020-11-04 15:01:08', '2020-11-03 15:02:30', '2020-11-04 15:01:08'),
(55, 'محبوبة الأحمري', '160781', '2020-11-04 15:01:11', '2020-11-03 15:02:30', '2020-11-04 15:01:11'),
(56, 'آلاء احمد اسعد الفدا', '590198', '2020-11-04 15:01:13', '2020-11-03 15:02:30', '2020-11-04 15:01:13'),
(57, 'وجدان حازم ضياء الدين’,  الصقيه', '856007', '2020-11-04 15:01:16', '2020-11-03 15:02:30', '2020-11-04 15:01:16'),
(58, 'المهندسة ناديه الزامل', '209936', '2020-11-04 15:01:27', '2020-11-03 15:02:30', '2020-11-04 15:01:27'),
(59, 'سائد الحسين', '45045', '2020-11-04 15:01:29', '2020-11-03 15:02:30', '2020-11-04 15:01:29'),
(60, 'هايدي أدهم يزن العتيبي', '770126', '2020-11-04 15:01:31', '2020-11-03 15:02:30', '2020-11-04 15:01:31'),
(61, 'انتظار السماري', '296701', '2020-11-04 15:01:33', '2020-11-03 15:02:30', '2020-11-04 15:01:33'),
(62, 'عبد الحي إيهاب أسامة الراجحي', '551302', '2020-11-04 15:01:35', '2020-11-03 15:02:30', '2020-11-04 15:01:35'),
(63, 'بدور سقا', '744507', '2020-11-04 15:01:37', '2020-11-03 15:02:30', '2020-11-04 15:01:37'),
(64, 'رهف السماعيل', '983670', '2020-11-04 15:01:39', '2020-11-03 15:02:30', '2020-11-04 15:01:39'),
(65, 'انتظار مهند الصقيه', '413368', '2020-11-04 15:01:42', '2020-11-03 15:02:30', '2020-11-04 15:01:42'),
(66, 'زياد الصقيه', '788753', '2020-11-04 15:01:43', '2020-11-03 15:02:30', '2020-11-04 15:01:43'),
(67, 'تغريد الحسين', '598457', '2020-11-04 15:01:45', '2020-11-03 15:02:30', '2020-11-04 15:01:45'),
(68, 'آية السيف', '565470', '2020-11-04 15:01:47', '2020-11-03 15:02:30', '2020-11-04 15:01:47'),
(69, 'تقى العرفج', '492877', '2020-11-04 15:01:49', '2020-11-03 15:02:30', '2020-11-04 15:01:49'),
(70, 'شاكر باشا', '159487', '2020-11-04 15:01:53', '2020-11-03 15:02:30', '2020-11-04 15:01:53'),
(71, 'صالح رجائي الجريد', '638353', '2020-11-04 15:01:55', '2020-11-03 15:02:30', '2020-11-04 15:01:55'),
(72, 'غادة الشهيل', '520883', '2020-11-04 15:01:57', '2020-11-03 15:02:30', '2020-11-04 15:01:57'),
(73, 'رجب بسام العمرو', '874791', '2020-11-04 15:01:59', '2020-11-03 15:02:30', '2020-11-04 15:01:59'),
(74, 'مازن نورس السماعيل', '338715', '2020-11-04 15:02:00', '2020-11-03 15:02:30', '2020-11-04 15:02:00'),
(75, 'رنده عمران الشهيل', '125908', '2020-11-04 15:02:03', '2020-11-03 15:02:30', '2020-11-04 15:02:03'),
(76, 'سلوى الشيباني', '91666', '2020-11-04 15:02:05', '2020-11-03 15:02:30', '2020-11-04 15:02:05'),
(77, 'سامي عبد الناصر نزيه الخضيري', '468761', '2020-11-04 15:02:06', '2020-11-03 15:02:30', '2020-11-04 15:02:06'),
(78, 'سهاد رأفت صدام المنيف', '214217', '2020-11-04 15:02:09', '2020-11-03 15:02:30', '2020-11-04 15:02:09'),
(79, 'تغريد عبدالاله السيف', '98789', '2020-11-04 15:02:10', '2020-11-03 15:02:30', '2020-11-04 15:02:10'),
(80, 'ريان أيوب السيف', '393109', '2020-11-04 15:02:12', '2020-11-03 15:02:30', '2020-11-04 15:02:12'),
(81, 'المهندسة هيا الصقيه', '570003', '2020-11-04 15:02:14', '2020-11-03 15:02:30', '2020-11-04 15:02:14'),
(82, 'زينا صفاء اسلام السماعيل', '15840', '2020-11-04 15:02:16', '2020-11-03 15:02:30', '2020-11-04 15:02:16'),
(83, 'المهندسة سلام الشيباني', '827669', '2020-11-04 15:02:18', '2020-11-03 15:02:30', '2020-11-04 15:02:18'),
(84, 'سنابل الشيباني', '977877', '2020-11-04 15:02:20', '2020-11-03 15:02:30', '2020-11-04 15:02:20'),
(85, 'ميران العرفج', '427997', '2020-11-04 15:02:22', '2020-11-03 15:02:30', '2020-11-04 15:02:22'),
(86, 'عزة العمرو', '778310', '2020-11-04 15:02:27', '2020-11-03 15:02:30', '2020-11-04 15:02:27'),
(87, 'نعيم العنزي', '407324', '2020-11-04 15:02:30', '2020-11-03 15:02:30', '2020-11-04 15:02:30'),
(88, 'المهندسة سارة الخضيري', '600232', '2020-11-04 15:02:33', '2020-11-03 15:02:30', '2020-11-04 15:02:33'),
(89, 'عاصم عرين زهير السيف', '934549', '2020-11-04 15:02:35', '2020-11-03 15:02:30', '2020-11-04 15:02:35'),
(90, 'صالح العنزي', '755877', '2020-11-04 15:02:37', '2020-11-03 15:02:30', '2020-11-04 15:02:37'),
(91, 'زينب المنيف', '815084', '2020-11-04 15:02:39', '2020-11-03 15:02:30', '2020-11-04 15:02:39'),
(92, 'الدكتورة علياء الشهري', '150974', '2020-11-04 15:02:42', '2020-11-03 15:02:30', '2020-11-04 15:02:42'),
(93, 'غيد يزن جراح الصامل', '135259', '2020-11-04 15:02:44', '2020-11-03 15:02:30', '2020-11-04 15:02:44'),
(94, 'الآنسة شرين الشهري', '382090', '2020-11-04 15:02:47', '2020-11-03 15:02:30', '2020-11-04 15:02:47'),
(95, 'هاشم السليم', '613949', '2020-11-04 15:02:49', '2020-11-03 15:02:30', '2020-11-04 15:02:49'),
(96, 'صلاح الدين سليم الفريدي', '61373', '2020-11-04 15:02:50', '2020-11-03 15:02:30', '2020-11-04 15:02:50'),
(97, 'اديب عقل الشهري', '207886', '2020-11-04 15:02:52', '2020-11-03 15:02:30', '2020-11-04 15:02:52'),
(98, 'سيرينا الصامل', '763524', '2020-11-04 15:02:54', '2020-11-03 15:02:30', '2020-11-04 15:02:54'),
(99, 'عبدالرؤوف فهد مظفر الصامل', '132670', '2020-11-04 15:02:56', '2020-11-03 15:02:30', '2020-11-04 15:02:56'),
(100, 'نجاة أسامة السويلم', '715042', '2020-11-04 15:02:59', '2020-11-03 15:02:30', '2020-11-04 15:02:59'),
(101, 'سنن أكثم الخضيري', '592219', '2020-11-04 15:03:02', '2020-11-03 15:02:30', '2020-11-04 15:03:02'),
(102, 'نزال مؤنس المشيقح', '648867', '2020-11-04 15:03:04', '2020-11-03 15:02:30', '2020-11-04 15:03:04'),
(103, '1000', '1000', '2020-11-15 12:47:21', '2020-11-04 15:10:58', '2020-11-15 12:47:21'),
(104, 'باقة2', '20000', '2020-11-15 12:47:18', '2020-11-04 15:11:15', '2020-11-15 12:47:18'),
(105, '50', '50', '2020-11-23 14:59:18', '2020-11-15 12:43:28', '2020-11-23 14:59:18'),
(106, '1000', '1000', '2020-11-23 15:08:06', '2020-11-15 12:47:36', '2020-11-23 15:08:06'),
(107, '2000', '2000', '2020-11-23 15:08:02', '2020-11-15 12:47:47', '2020-11-23 15:08:02'),
(108, 'test', '500000', '2020-11-23 15:08:00', '2020-11-18 20:49:10', '2020-11-23 15:08:00'),
(109, 's', '5000000', '2020-11-23 15:07:57', '2020-11-19 11:20:03', '2020-11-23 15:07:57'),
(110, 's', '60000000', '2020-11-23 15:07:54', '2020-11-19 11:20:12', '2020-11-23 15:07:54'),
(111, 'فث', '5000000000', '2020-11-23 15:07:50', '2020-11-19 11:22:26', '2020-11-23 15:07:50'),
(112, '50', '50', '2020-11-23 15:07:47', '2020-11-23 14:58:58', '2020-11-23 15:07:47'),
(113, '50', '50', '2020-11-29 14:37:49', '2020-11-23 15:08:14', '2020-11-29 14:37:49'),
(114, '1000', '1000', NULL, '2020-11-23 15:08:27', '2020-11-23 15:08:27'),
(115, '2000', '2000', NULL, '2020-11-29 14:38:05', '2020-11-29 14:38:05');

-- --------------------------------------------------------

--
-- Table structure for table `services`
--

CREATE TABLE `services` (
  `id` bigint(20) UNSIGNED NOT NULL,
  `title` varchar(191) COLLATE utf8mb4_unicode_ci NOT NULL,
  `content` longtext COLLATE utf8mb4_unicode_ci NOT NULL,
  `icon` varchar(191) COLLATE utf8mb4_unicode_ci NOT NULL,
  `deleted_at` timestamp NULL DEFAULT NULL,
  `created_at` timestamp NOT NULL DEFAULT CURRENT_TIMESTAMP,
  `updated_at` timestamp NOT NULL DEFAULT CURRENT_TIMESTAMP ON UPDATE CURRENT_TIMESTAMP,
  `slug` varchar(191) COLLATE utf8mb4_unicode_ci DEFAULT NULL
) ENGINE=MyISAM DEFAULT CHARSET=utf8mb4 COLLATE=utf8mb4_unicode_ci;

--
-- Dumping data for table `services`
--

INSERT INTO `services` (`id`, `title`, `content`, `icon`, `deleted_at`, `created_at`, `updated_at`, `slug`) VALUES
(1, 'test', '<p>jjjjjjjjjj</p>', '20201130152157-ITBsOzjOiA.png', NULL, '2020-11-17 15:14:28', '2020-11-30 12:21:57', NULL);

-- --------------------------------------------------------

--
-- Table structure for table `settings`
--

CREATE TABLE `settings` (
  `id` bigint(20) UNSIGNED NOT NULL,
  `group` varchar(191) COLLATE utf8mb4_unicode_ci NOT NULL,
  `name` varchar(191) COLLATE utf8mb4_unicode_ci NOT NULL,
  `key` varchar(191) COLLATE utf8mb4_unicode_ci NOT NULL,
  `type` varchar(191) COLLATE utf8mb4_unicode_ci NOT NULL,
  `value` varchar(191) COLLATE utf8mb4_unicode_ci NOT NULL,
  `deleted_at` timestamp NULL DEFAULT NULL,
  `created_at` timestamp NOT NULL DEFAULT CURRENT_TIMESTAMP,
  `updated_at` timestamp NOT NULL DEFAULT CURRENT_TIMESTAMP ON UPDATE CURRENT_TIMESTAMP
) ENGINE=MyISAM DEFAULT CHARSET=utf8mb4 COLLATE=utf8mb4_unicode_ci;

-- --------------------------------------------------------

--
-- Table structure for table `sliders`
--

CREATE TABLE `sliders` (
  `id` bigint(20) UNSIGNED NOT NULL,
  `image` varchar(191) COLLATE utf8mb4_unicode_ci NOT NULL,
  `url` text COLLATE utf8mb4_unicode_ci,
  `deleted_at` timestamp NULL DEFAULT NULL,
  `created_at` timestamp NOT NULL DEFAULT CURRENT_TIMESTAMP,
  `updated_at` timestamp NOT NULL DEFAULT CURRENT_TIMESTAMP ON UPDATE CURRENT_TIMESTAMP,
  `title` varchar(191) COLLATE utf8mb4_unicode_ci NOT NULL,
  `content` longtext COLLATE utf8mb4_unicode_ci NOT NULL
) ENGINE=MyISAM DEFAULT CHARSET=utf8mb4 COLLATE=utf8mb4_unicode_ci;

--
-- Dumping data for table `sliders`
--

INSERT INTO `sliders` (`id`, `image`, `url`, `deleted_at`, `created_at`, `updated_at`, `title`, `content`) VALUES
(1, '6b7dc83f9c780530ef9852fbdbbc2167.jpg', 'https://www.shami.info/nam-perspiciatis-et-iure-aut-deleniti-qui-hic', '2020-11-30 16:34:22', '2020-11-03 15:02:29', '2020-11-30 16:34:22', '', ''),
(2, '9571008ad34641d1239c5448c41bea10.jpg', 'http://qasem.info/', '2020-11-30 16:34:27', '2020-11-03 15:02:29', '2020-11-30 16:34:27', '', ''),
(3, '0', 'https://jabri.biz/voluptas-illo-nobis-accusamus-nisi-eos-corrupti-corrupti.html', '2020-11-30 16:34:31', '2020-11-03 15:02:29', '2020-11-30 16:34:31', '', ''),
(4, 'f4384c55c3c776d8e3ce466ca4a41e8f.jpg', 'http://abbadi.com/', '2020-11-30 16:53:19', '2020-11-03 15:02:29', '2020-11-30 16:53:19', '', ''),
(5, 'fac5ac6948a8b4a3d7f2a105dace148d.jpg', 'http://qasem.com/qui-doloribus-nihil-doloribus-iste-sit-est-quaerat', '2020-11-30 16:53:24', '2020-11-03 15:02:29', '2020-11-30 16:53:24', '', ''),
(6, '0', 'http://abbadi.biz/beatae-quidem-eaque-maiores-aut-nemo-illo', '2020-11-30 16:34:34', '2020-11-03 15:02:29', '2020-11-30 16:34:34', '', ''),
(7, '1f756c592c5b2f460c96d1df5d78c33c.jpg', 'https://obaisi.net/ut-quia-natus-aperiam-totam.html', '2020-11-30 16:34:50', '2020-11-03 15:02:29', '2020-11-30 16:34:50', '', ''),
(8, '0', 'http://www.karam.info/', '2020-11-30 16:34:37', '2020-11-03 15:02:29', '2020-11-30 16:34:37', '', ''),
(9, '4016275b5dd6b76cdced8ecbd094975a.jpg', 'http://www.rabee.biz/magnam-et-et-illo-sit-possimus-vitae-temporibus', '2020-11-30 16:53:28', '2020-11-03 15:02:29', '2020-11-30 16:53:28', '', ''),
(10, '0', 'http://www.rabee.biz/praesentium-impedit-natus-eos-aut-nihil-sit-quia', '2020-11-30 16:34:41', '2020-11-03 15:02:29', '2020-11-30 16:34:41', '', ''),
(11, '20201130192752-ZPVTNTC9D5.png', 'http://pub.rh.net.sa/wefaq/marriage-request', NULL, '2020-11-30 16:27:52', '2020-12-02 09:44:25', 'الراغبين في الزواج', 'شارك جمعية الوفاق في مشوارها'),
(12, '20201130193214-QxCqvsfrFo.png', 'http://pub.rh.net.sa/wefaq/page/wefaq-gate', '2020-11-30 16:58:44', '2020-11-30 16:32:14', '2020-11-30 16:58:44', 'الراغبين في الزواج', 'نساعـدك فـي إيجـاد الشـريك المناسـب مع بـاقة من البـرامج التأهيليـة والخـدمات الاجتمـاعية المساعـدة'),
(13, '20201130193237-LKV5jQtewi.png', 'http://pub.rh.net.sa/wefaq/page/wefaq-gate', '2020-11-30 16:58:33', '2020-11-30 16:32:37', '2020-11-30 16:58:33', 'الراغبين في الزواج', 'نساعـدك فـي إيجـاد الشـريك المناسـب مع بـاقة من البـرامج التأهيليـة والخـدمات الاجتمـاعية المساعـدة'),
(14, '20201130195910-jgCij51qdE.png', 'http://pub.rh.net.sa/wefaq/page/wefaq-gate', '2020-11-30 19:44:58', '2020-11-30 16:59:10', '2020-11-30 19:44:58', 'test', 'نساعـدك فـي إيجـاد الشـريك المناسـب مع بـاقة من البـرامج التأهيليـة والخـدمات الاجتمـاعية المساعـدة'),
(15, '20201130195942-SM4QodipUg.png', 'http://pub.rh.net.sa/wefaq/page/wefaq-gate', '2020-11-30 19:01:06', '2020-11-30 16:59:42', '2020-11-30 19:01:06', 'الراغبين في الزواج 2', 'جمعية الوفاق الأسرية بالقصيم'),
(16, '20201130200016-Lvi0SPUk4X.png', 'http://pub.rh.net.sa/wefaq/marriage-request', NULL, '2020-11-30 17:00:16', '2020-12-02 09:44:04', 'test2', 'نساعـدك فـي إيجـاد الشـريك المناسـب مع بـاقة من البـرامج التأهيليـة والخـدمات');

-- --------------------------------------------------------

--
-- Table structure for table `systems`
--

CREATE TABLE `systems` (
  `id` bigint(20) UNSIGNED NOT NULL,
  `title` varchar(191) COLLATE utf8mb4_unicode_ci NOT NULL,
  `image` varchar(191) COLLATE utf8mb4_unicode_ci NOT NULL,
  `content` text COLLATE utf8mb4_unicode_ci NOT NULL,
  `url` text COLLATE utf8mb4_unicode_ci,
  `deleted_at` timestamp NULL DEFAULT NULL,
  `created_at` timestamp NOT NULL DEFAULT CURRENT_TIMESTAMP,
  `updated_at` timestamp NOT NULL DEFAULT CURRENT_TIMESTAMP ON UPDATE CURRENT_TIMESTAMP
) ENGINE=MyISAM DEFAULT CHARSET=utf8mb4 COLLATE=utf8mb4_unicode_ci;

--
-- Dumping data for table `systems`
--

INSERT INTO `systems` (`id`, `title`, `image`, `content`, `url`, `deleted_at`, `created_at`, `updated_at`) VALUES
(1, 'تحميل ملف تجريبي', '20201210170726-RfSoDtdheo.png', 'تحميل ملف تجريبي تحميل ملف تجريبي تحميل ملف تجريبي', 'http://pub.rh.net.sa/wefaq', NULL, '2020-12-10 14:07:26', '2020-12-10 14:07:26'),
(2, 'test', '20201215164959-rZY7qNTL2E.png', 'test', 'https://github.com/BasantHasaan/ProductSearch.git', NULL, '2020-12-15 13:49:59', '2020-12-15 13:49:59');

-- --------------------------------------------------------

--
-- Table structure for table `transfers`
--

CREATE TABLE `transfers` (
  `id` bigint(20) UNSIGNED NOT NULL,
  `order_id` bigint(20) UNSIGNED DEFAULT NULL,
  `transfer_image` varchar(191) COLLATE utf8mb4_unicode_ci DEFAULT NULL,
  `created_at` timestamp NOT NULL DEFAULT CURRENT_TIMESTAMP,
  `updated_at` timestamp NOT NULL DEFAULT CURRENT_TIMESTAMP ON UPDATE CURRENT_TIMESTAMP
) ENGINE=MyISAM DEFAULT CHARSET=utf8mb4 COLLATE=utf8mb4_unicode_ci;

--
-- Dumping data for table `transfers`
--

INSERT INTO `transfers` (`id`, `order_id`, `transfer_image`, `created_at`, `updated_at`) VALUES
(1, 1, '20201105175625-GpeBYLg0VE.png', '2020-11-05 14:56:25', '2020-11-05 14:56:25'),
(2, 2, '20201105180810-59qn87MCYZ.png', '2020-11-05 15:08:10', '2020-11-05 15:08:10'),
(3, 3, '20201105181848-QkjcaORNBm.jpg', '2020-11-05 15:18:48', '2020-11-05 15:18:48'),
(4, 4, '20201105182123-gitanxzRzX.jpg', '2020-11-05 15:21:23', '2020-11-05 15:21:23'),
(5, 5, '20201105182547-yODCli7F4z.png', '2020-11-05 15:25:47', '2020-11-05 15:25:47'),
(6, 6, '20201106152949-hVmYYRvGam.png', '2020-11-06 12:29:49', '2020-11-06 12:29:49'),
(7, 7, '20201106153025-021l9LGijr.png', '2020-11-06 12:30:25', '2020-11-06 12:30:25'),
(8, 8, '20201108134028-dk67sDICnN.png', '2020-11-08 10:40:28', '2020-11-08 10:40:28'),
(9, 9, '20201108193954-4RbHAHkezW.png', '2020-11-08 16:39:54', '2020-11-08 16:39:54'),
(10, 10, '20201111171413-Uzjhk0SQRp.png', '2020-11-11 14:14:13', '2020-11-11 14:14:13'),
(11, 11, '20201112120023-Gfw5UIB3W4.png', '2020-11-12 09:00:23', '2020-11-12 09:00:23'),
(12, 12, '20201117114222-q9gEBwKRCU.jpg', '2020-11-17 08:42:22', '2020-11-17 08:42:22'),
(13, 13, '20201118164204-Wu9o7winvC.png', '2020-11-18 13:42:04', '2020-11-18 13:42:04'),
(14, 14, '20201118175604-8tx49NT8vu.png', '2020-11-18 14:56:04', '2020-11-18 14:56:04'),
(15, 15, '20201118194415-vga2U6yntE.png', '2020-11-18 16:44:15', '2020-11-18 16:44:15'),
(16, 16, '20201118225147-3ivUisv1Qo.png', '2020-11-18 19:51:47', '2020-11-18 19:51:47'),
(17, 17, '20201118232032-IehRZLek9s.png', '2020-11-18 20:20:32', '2020-11-18 20:20:32'),
(18, 18, '20201119141221-tmVB2CQ4Pb.png', '2020-11-19 11:12:21', '2020-11-19 11:12:21'),
(19, 19, '20201119162926-kJ7hbLGrgm.png', '2020-11-19 13:29:26', '2020-11-19 13:29:26'),
(20, 20, '20201123152046-UmlvRUQS52.png', '2020-11-23 12:20:46', '2020-11-23 12:20:46'),
(21, 21, '20201130151829-A7elHDANLn.png', '2020-11-30 12:18:29', '2020-11-30 12:18:29'),
(22, 22, '20201202124540-yLdvqLTLvF.png', '2020-12-02 09:45:40', '2020-12-02 09:45:40'),
(23, 23, '20201202152452-VUj7T5cGZ7.png', '2020-12-02 12:24:52', '2020-12-02 12:24:52'),
(24, 24, '20201202152834-LxJvsUdfRm.png', '2020-12-02 12:28:34', '2020-12-02 12:28:34'),
(25, 25, '20201202152955-1QX1tMVDv1.png', '2020-12-02 12:29:55', '2020-12-02 12:29:55'),
(26, 26, '20201206195957-ijigxdMcgq.png', '2020-12-06 16:59:57', '2020-12-06 16:59:57'),
(27, 27, '20201206200217-gSEZ1DyXCk.png', '2020-12-06 17:02:17', '2020-12-06 17:02:17'),
(28, 28, '20201207123136-bKXwguzOHl.png', '2020-12-07 09:31:36', '2020-12-07 09:31:36'),
(29, 29, '20201207134428-cFaKHKOE2n.PNG', '2020-12-07 10:44:28', '2020-12-07 10:44:28'),
(30, 30, '20201207140138-Q6l6ib0OQV.jpg', '2020-12-07 11:01:38', '2020-12-07 11:01:38'),
(31, 31, '20201216144531-CH17ryWX84.png', '2020-12-16 11:45:31', '2020-12-16 11:45:31'),
(32, 32, '20201216144758-EMTEI5qF2f.png', '2020-12-16 11:47:58', '2020-12-16 11:47:58'),
(33, 33, '20201216144838-V7G7gB4KTc.png', '2020-12-16 11:48:38', '2020-12-16 11:48:38'),
(34, 34, '20201216145002-xiZJK80Ytn.png', '2020-12-16 11:50:02', '2020-12-16 11:50:02'),
(35, 35, '20201216145143-QaSuyoa7Oz.png', '2020-12-16 11:51:43', '2020-12-16 11:51:43'),
(36, 36, '20201216145712-xNxeuqqn33.png', '2020-12-16 11:57:12', '2020-12-16 11:57:12');

-- --------------------------------------------------------

--
-- Table structure for table `users`
--

CREATE TABLE `users` (
  `id` bigint(20) UNSIGNED NOT NULL,
  `first_name` varchar(191) COLLATE utf8mb4_unicode_ci NOT NULL,
  `middle_name` varchar(191) COLLATE utf8mb4_unicode_ci NOT NULL,
  `last_name` varchar(191) COLLATE utf8mb4_unicode_ci NOT NULL,
  `phoneNumber` varchar(191) COLLATE utf8mb4_unicode_ci NOT NULL,
  `email` varchar(191) COLLATE utf8mb4_unicode_ci NOT NULL,
  `password` varchar(500) COLLATE utf8mb4_unicode_ci NOT NULL,
  `gender` varchar(191) COLLATE utf8mb4_unicode_ci NOT NULL,
  `birthday` date NOT NULL,
  `verification_code` int(11) NOT NULL,
  `is_verify` tinyint(1) NOT NULL,
  `remember_token` varchar(100) COLLATE utf8mb4_unicode_ci DEFAULT NULL,
  `deleted_at` timestamp NULL DEFAULT NULL,
  `created_at` timestamp NOT NULL DEFAULT CURRENT_TIMESTAMP,
  `updated_at` timestamp NOT NULL DEFAULT CURRENT_TIMESTAMP ON UPDATE CURRENT_TIMESTAMP,
  `status` tinyint(4) DEFAULT '0',
  `token` varchar(191) COLLATE utf8mb4_unicode_ci DEFAULT NULL
) ENGINE=MyISAM DEFAULT CHARSET=utf8mb4 COLLATE=utf8mb4_unicode_ci;

--
-- Dumping data for table `users`
--

INSERT INTO `users` (`id`, `first_name`, `middle_name`, `last_name`, `phoneNumber`, `email`, `password`, `gender`, `birthday`, `verification_code`, `is_verify`, `remember_token`, `deleted_at`, `created_at`, `updated_at`, `status`, `token`) VALUES
(1, 'ahmed', 'ali', 'mahmoud', '1234567855', 'ahmedali@gmail.com', '$2y$10$q5linFO0g49BNzFNEUay8uggAbIMd7PtxCx7RmQevfbZko172xZu6', 'male', '1999-12-01', 84262, 1, NULL, NULL, '2020-11-03 13:58:48', '2020-12-03 11:25:10', 1, NULL),
(2, 'marwa', 'mahmoud', 'ebrahim', '0100000011', 'marwa@test.com', '$2y$10$e/eo7TLzKtgIZNMiVGib1uMxV4RwI8s6juMa3Xi3ADROiqeQ7MjkC', 'female', '1990-12-12', 75112, 1, NULL, NULL, '2020-11-03 14:04:23', '2020-12-03 11:25:10', 1, NULL),
(3, 'Hassan Zohdy', 'Hassan Zohdy', 'Hassan Zohdy', '01145145824', 'hassanzohdy@gmail.com', '$2y$10$xWcPR7zTT4S9g5dDxYUOMeJtH2wFuNkU9KPWf0RzG.9jQ/kVqC0fe', 'male', '1992-07-08', 27405, 1, 'nZmxjLPvWGZXitvDPL6TKIanzLJHRyaMz6elPV1CYYeZEAFk7Ephm13t8bwf', NULL, '2020-11-03 14:22:47', '2020-12-10 14:57:55', 1, NULL),
(4, 'Raghda Mohammed', 'Raghda Mohammed', 'Raghda Mohammed', '1124124289', 'queen_love3033@yahoo.com', '$2y$10$qenJnic239omRFiRYWErjuNczqJrMRBA2LSEmekxWsE7c2Y8Vh4Km', 'female', '1992-06-05', 29630, 1, NULL, NULL, '2020-11-05 11:14:53', '2020-12-03 11:25:10', 1, NULL),
(5, 'رواد', 'الاستضافة', 'للتجارة', '0550080449', 'cs@rh.net.sa', '$2y$10$l/i4Kx2ZTgLY5ImWvVn6IOOYgIbDmiAQ8drgCmQnf0.ooxVlfqOi6', 'male', '1986-03-30', 53617, 1, NULL, NULL, '2020-11-06 12:25:13', '2020-12-03 11:25:10', 1, NULL),
(6, 'جمعية', 'الوفاق', 'الأسرية', '0564292025', 'alwefaq016@gmail.com', '$2y$10$sihOI28gjq5lHNH5.oKTReTvEEnD9TchU/DdumHVktbgfiZg0IBZa', 'female', '2000-01-01', 35251, 1, 'Ki5CdOQis61BtoU3EFB2w7WceWl6LDb2C9YBETr08m8WJa9UBpjjnt9LuI3u', NULL, '2020-11-08 06:21:20', '2020-12-17 15:35:02', 1, NULL),
(7, 'Ahmed', 'Monier', 'mohamed', '0548073299', 'Ah.monier@rowaad.net', '$2y$10$FrGefb0H0mLBqNsQULDGsutN7qkJhcfh1aA0t3FLC7Oa2gvFREXha', 'male', '1993-09-04', 20961, 1, NULL, NULL, '2020-11-08 09:08:11', '2020-12-03 11:25:10', 1, NULL),
(8, 'e', 'a', 's', '1', 'e@gmail.com', '$2y$10$andWtbnzvVBSf0gw.hev4O1CkHflfTykpsOcbYyHk2vzfkvn780x6', 'female', '1994-02-07', 61236, 1, NULL, NULL, '2020-11-08 09:54:34', '2020-12-03 11:25:10', 1, NULL),
(9, 'ahmed', 'aliaa', 'mahmoud', '1234567888', 'ahmedfci20@yahoo.com', '$2y$10$7e1IsFJlPJDcJQM5ZZ49m.pndfy3m8iuOr9rjeCKn./PfAk6AGMQ2', 'male', '1998-01-01', 57912, 1, NULL, NULL, '2020-11-10 11:35:30', '2020-12-03 11:25:10', 1, NULL),
(10, 'dsadasd asdasd', 'dsadasd asdasd', 'dsadasd asdasd', '0123123123', 'test@test.com', '$2y$10$t48XxpDlPk46YnSgbvF33.mitZoPVw5ei5lKpXsPHF8b8fclvp41.', 'male', '1994-02-15', 23828, 1, NULL, NULL, '2020-11-10 13:28:20', '2020-12-03 11:25:10', 1, NULL),
(11, 'جمعية', 'الوفاق', 'الأسرية', '0532369609', 'tafauool@gmail.com', '$2y$10$G2BL51V2HkC6aS5GGBsaTOj8FAGHzA8E7VNvbb.4TuOO1dlEKAOZO', 'male', '2000-01-01', 76535, 1, NULL, NULL, '2020-11-10 13:32:01', '2020-12-03 11:25:10', 1, NULL),
(12, 'Test', 'test', 'test', '11111111111', 'test2@test.com', '$2y$10$3KHOXpBC5yOQE5I2p9.uk.tQfIhh4B4Vc3S/5ltya4ljt9v/KfGUC', 'male', '1992-02-20', 71366, 1, NULL, NULL, '2020-11-10 13:33:00', '2020-12-03 11:25:10', 1, NULL),
(13, 'eeee', 'eeee', 'eeee', '11111111111111111', 'a@gmail.com', '$2y$10$rm6uWpLSFLUbIgy75dsuYOkCqGaBmYbidvFb.V4iZ.lf.GKamETkS', 'female', '1111-11-11', 78333, 1, NULL, NULL, '2020-11-11 15:39:11', '2020-12-03 11:25:10', 1, NULL),
(14, 'aaaa', 'aaaa', 'aaaa', '11111111111111111111111111111', 'aa@gmail.com', '$2y$10$4UBOXJSRLkZIExNVU3w20uyqCJYTfQ1MLQZcAlzte0dGZaMxu/eQu', 'male', '1995-02-07', 66353, 1, NULL, NULL, '2020-11-11 15:52:52', '2020-12-03 11:25:10', 1, NULL),
(15, 'مروة', 'محمود', 'ابراهيم', '01000000', 'tesst@test.com', '$2y$10$ayNLSQZG9g6NZEZ2oQv6uuYwmcGNiQnzTFjWFFJf4eUkOFbr.cQ4.', 'female', '1990-11-30', 70245, 1, NULL, NULL, '2020-11-12 08:28:22', '2020-12-03 11:25:10', 1, NULL),
(16, 'eslam', 'ahmed', 'hassan', '01140423320', 'eslam@rowaad.net', '$2y$10$YID6v4YEUtqHRIleTvTNG.cnK1DOEPek0tati5vDUvRALJOsxDgmq', 'male', '1994-02-07', 86687, 1, NULL, NULL, '2020-11-12 08:30:59', '2020-12-03 11:25:10', 1, NULL),
(17, 'aaaa', 'aaaaaaaaa', 'aaaaaaa', '1111111111111111111111111', 'eslaamelbatrawy@gmail.com', '$2y$10$2REtaMDLTo1aQAQT71qq5OK53G6ftbxZct6obQHfXuxKCEsdw.ToK', 'male', '1111-11-11', 50455, 1, NULL, NULL, '2020-11-12 11:31:36', '2020-12-03 11:25:10', 1, NULL),
(18, 'مروة', 'محمود', 'ابراهيم', '99999999990', 'z@z.com', '$2y$10$w024/u.8UrxGuymQY3iXaOm3dwTsNp2gCNXSIfGAWGOnwLbw.yX06', 'male', '1990-10-10', 64682, 1, NULL, NULL, '2020-11-15 14:58:46', '2020-12-03 11:25:10', 1, NULL),
(19, 'aaaaaaaaaaa', 'aaaaaaaaaaaaaaaa', 'aaaaaaaaaa', '111111111111111111', 'w@gmail.com', '$2y$10$8ue5dgpBvdXSN6sQ9wDlIOfXAIOTgHTDKwdQtZrx8kDFx0d3RuPue', 'male', '1994-11-11', 27559, 1, NULL, NULL, '2020-11-15 15:01:04', '2020-12-03 11:25:10', 1, NULL),
(20, 'dsadasd asdasd', 'dsadasd asdasd', 'dsadasd asdasd', '01231423123', 'test@rh.net.sa', '$2y$10$bf.HNmUu/B6v0Y6JMa1kgePW/Y/Q/H9j3wsvJMGvne0gnrSn5R9Li', 'male', '1998-02-25', 83854, 1, NULL, NULL, '2020-11-15 15:08:18', '2020-12-03 11:25:10', 1, NULL),
(21, 'شششش', 'شششششش', 'ششش', '11111111111111111111', 'g@gmail.com', '$2y$10$IO2gum30qCp02oyNMZiWr.SEJnkzRdVDuxFcaqEU7VieRhBMLWgLu', 'male', '1994-11-11', 59148, 1, NULL, NULL, '2020-11-17 11:26:18', '2020-12-03 11:25:10', 1, NULL),
(22, 'ttt', 'ttt', 'ttt', '010000000000', 'ttt@test.com', '$2y$10$JamBpAOPDDatq0YEEWAlPeO./dC59SwLdhfr0IZpEecjmO/VFUSN.', 'female', '1990-11-25', 92632, 1, NULL, NULL, '2020-11-18 18:05:43', '2020-12-03 11:25:10', 1, NULL),
(23, 'Raghda Mohammed', 'Raghda Mohammed', 'Raghda Mohammed', '1124124287', 'raghdadarhous.rh@gmail.com', '$2y$10$iQQ2EmQ290tmoqD8agVLPOMJXYWBVf4obrJLeEWFNQwLwBMG8czAy', 'male', '1999-11-09', 12563, 1, 'o8LN8LbZbRQIr7Ky7FoUbAoC3mtneFhf7joQe3FQKsA0jHz8mV1RukDoEBfj', NULL, '2020-11-18 18:16:33', '2020-12-10 10:48:54', 1, NULL),
(24, 'dsadasd asdasd', 'dsadasd asdasd', 'dsadasd asdasd', '4213512', 'testing@test.com', '$2y$10$bQPvHmuEv4yB81MpUNp2W.maUZ8uHAtsdTUCrCJ9dqT3HEhyHB8Z2', 'male', '1990-07-12', 52450, 1, NULL, NULL, '2020-11-18 18:49:22', '2020-12-03 11:25:10', 1, NULL),
(25, 'اسلام', 'احمد', 'حسن', '1140423320', 'test@gmail.com', '$2y$10$HMkAEGDa8n.dU8j2er7/aOw..JlDOhUfX1yZINodlfKrMVJ94RIA.', 'male', '1994-07-02', 97591, 1, NULL, NULL, '2020-11-18 19:10:40', '2020-12-03 11:25:10', 1, NULL),
(26, 'eslam', 'ahmed', 'elbatrawy', '011404233200', 'eslam@gmail.com', '$2y$10$ZSgoDNB/nJp8ONJZuSvWquKhexLhYNBU4GeW3RfWAdp1cc8Sv1rV2', 'male', '1994-02-07', 70357, 1, NULL, NULL, '2020-11-23 12:07:31', '2020-12-03 11:25:10', 1, NULL),
(27, 'esraa', 'ahmed', 'elbatrawy', '29382882822', 'esraa@gmail.com', '$2y$10$RpB16MxMFn72Nim1uWSeieEQ3lULeKm7UwjXaTq7qgHK3HX53Y0GK', 'female', '1994-02-07', 36899, 1, NULL, NULL, '2020-11-23 12:24:35', '2020-12-03 11:25:10', 1, NULL),
(28, 'dsadasd asdasd', 'dsadasd asdasd', 'dsadasd asdasd', '02311233123', 'testing@rh.net.sa', '$2y$10$7tQiVHKOujP.dFCAuHAy4.DlgEQI0.fIaAb/O/Xr/gSqs/GioRTYq', 'male', '1993-06-15', 13988, 1, NULL, NULL, '2020-11-23 15:05:31', '2020-12-03 11:25:10', 1, NULL),
(29, 'enas', 'magdy', 'magdy', '01234567895', 'enasmagdy393@gmail.com', '$2y$10$VFxPgEyhTHX0c19GviePF.QJOZ/puFHPERLymhLMm1D0K9JSvr3kO', 'male', '1991-10-09', 39812, 1, NULL, NULL, '2020-11-26 13:53:31', '2020-12-03 11:25:10', 1, NULL),
(30, 'امل', 'محمد', 'محمد', '26126361263', 'amal@gmail.com', '$2y$10$mOafZkq1UjeORQYCH/OMF.MO2HtOXVwo7IpI0i6L8fyyS63O9GflC', 'female', '1990-07-02', 71853, 1, NULL, NULL, '2020-11-30 08:49:37', '2020-12-03 11:25:10', 1, NULL),
(31, 'امل', 'محمد', 'محمد', '12366126622', 'asdf@gmail.com', '$2y$10$FyHovRnJjVgR7LnmITjSO.Sj9uma7pfN0hCDdeZZjX35jj6hFyZp6', 'male', '1990-07-02', 66585, 1, NULL, NULL, '2020-11-30 08:50:27', '2020-12-03 11:25:10', 1, NULL),
(32, 'test', 'test', 'test', '96666667777', 'b@gmail.com', '$2y$10$qpgeMe0cCrP37BAPuYIeWeSiX4b8nRfJIXSLPA5489arvw1LFjGeq', 'female', '1990-07-07', 93233, 1, NULL, NULL, '2020-11-30 14:51:43', '2020-12-03 11:25:10', 1, NULL),
(33, 'ahmed', 'hassan', 'elbatrawy', '1234567891', 'ahmedelbatrawy@gmail.com', '$2y$10$KINVIc2SpcKcMgSGPXjW9.kDBz1lv2F0DHJ9HvYbfBgira3T43F7a', 'male', '1950-07-07', 38896, 1, NULL, NULL, '2020-12-02 09:56:19', '2020-12-03 11:25:10', 1, NULL),
(34, 'amal', 'ahmed', 'hassan', '12312312322222', 'amal99@gmail.com', '$2y$10$7dbywAdTF2IOfAlY7oZM7OfhV2OdeXot9sNaM77Q8GPF020aWJB5W', 'female', '1994-07-02', 60507, 1, NULL, NULL, '2020-12-02 10:02:54', '2020-12-03 11:25:10', 1, NULL),
(35, 'mmm', 'mmm', 'mmm', '0894765765894', 'marwa@rowaad.net', '$2y$10$cvHj0nPTB3SjHQVH2TDIJ.0rAnvCRS4uX63tw.pa1xUDGhRAThk1G', 'female', '1990-10-10', 99618, 1, NULL, NULL, '2020-12-02 11:19:40', '2020-12-03 11:25:10', 1, NULL),
(36, 'mmm', 'mmm', 'mmm', '08947655894', 'marwa.m.ebrahim@icloud.com', '$2y$10$CeS3KxFSbF5aACify6iNJOfl72AHBEPWRTg7va6jZu4uIBsmTFq7K', 'female', '1990-10-10', 74227, 1, NULL, NULL, '2020-12-02 11:25:32', '2020-12-03 11:25:10', 1, NULL),
(37, 'dsadasd asdasd', 'dsadasd asdasd', 'dsadasd asdasd', '402311233123', 'ahmed@rh.net.sa', '$2y$10$D0J/Vb0AOWGeO0p1dABm4upZKIfjdYrn1vuo6shvIsDT3XYgZLF.6', 'male', '1992-04-04', 20776, 0, NULL, NULL, '2020-12-03 11:39:30', '2020-12-03 11:50:32', 1, 'G1g5M9uvuME45c4KoO0bFiMcc4XWmskEGt20F7ccT9x574C2ePHK6peqFkex'),
(38, 'eslam', 'ahmed', 'elbatrawy', '12345678999', 'eslaam0399@gmail.com', '$2y$10$3n8b0m/QxyH.waqFO3tSROy1GaaJTOFEdk0.Anp2lFJX9omVXLGga', 'female', '1994-02-07', 77965, 0, NULL, NULL, '2020-12-03 12:51:42', '2020-12-03 12:51:54', 1, 'bo6bkRpTCoz2CGIRQOBqMYGRVSdCwP6LXjL2N1qlnvCYBM9x6YfRVQYVWhKA'),
(39, 'eslam', 'ahmed', 'elbatrawy', '123456788999', 'eslamelbatrawy7@gmail.com', '$2y$10$Cg5fi8SuDSQspEfNUD5HO.m3nBnCh3m4Q3rcjMtpkk4.ln2RGBj4.', 'male', '1994-02-07', 99665, 0, NULL, NULL, '2020-12-06 08:51:09', '2020-12-06 08:52:34', 1, 'XGBmGDQeSVMZTVXIdf08M4LP82oobHwgDPmpAReOKINQJ7XBGhb2wyPQ2114'),
(40, 'test', 'test', 'test', '996666667778', 'basant.b.hassan@gmail.com', '$2y$10$zGAdkmjHD/PI/.H5pXIVkO0IsMeKXqMmCbjOyXBozK6.fQ4Cvtgeu', 'male', '1988-02-06', 62917, 0, 'eaFlUSHe9YbOSv3sMLmF8i23nIWaWi8dCWdHABCXySuwHlw7CaCG3Hsr8k5P', NULL, '2020-12-06 10:21:33', '2020-12-13 09:10:07', 1, 'Q3hBsunkuzBS2cXfxRXa5txvc5i7I3kt7mmTuONTEWlVYFzzlDxv1MwQqyhb'),
(41, 'مروة', 'محمود', 'ابراهيم', '129747467953', 'a@test.com', '$2y$10$hsRRiFW9b34VHQhCUqqL3.ED0b51soYNjIf7hTVJZjhF8GmiDOqui', 'female', '1998-02-13', 40153, 1, NULL, NULL, '2020-12-13 11:22:04', '2020-12-13 11:23:30', 1, 'zdzYq9HptGIayyPS5eASIvVIUqKshJQAQGyWLkgg9PWf2RuLAfNMgbIVU8xO');

-- --------------------------------------------------------

--
-- Table structure for table `videos`
--

CREATE TABLE `videos` (
  `id` bigint(20) UNSIGNED NOT NULL,
  `name` varchar(191) COLLATE utf8mb4_unicode_ci NOT NULL,
  `video_date` date NOT NULL,
  `video` varchar(191) COLLATE utf8mb4_unicode_ci NOT NULL,
  `deleted_at` timestamp NULL DEFAULT NULL,
  `created_at` timestamp NOT NULL DEFAULT CURRENT_TIMESTAMP,
  `updated_at` timestamp NOT NULL DEFAULT CURRENT_TIMESTAMP ON UPDATE CURRENT_TIMESTAMP,
  `image` varchar(191) COLLATE utf8mb4_unicode_ci NOT NULL
) ENGINE=MyISAM DEFAULT CHARSET=utf8mb4 COLLATE=utf8mb4_unicode_ci;

--
-- Dumping data for table `videos`
--

INSERT INTO `videos` (`id`, `name`, `video_date`, `video`, `deleted_at`, `created_at`, `updated_at`, `image`) VALUES
(1, 'test', '2020-11-20', '20201117170925-jf9kX4bizO.mp4', NULL, '2020-11-17 14:09:25', '2020-11-18 12:07:57', '20201118150757-vMpQIndhqu.png'),
(2, 'test', '2020-11-18', '20201118234146-DEVS4J1FMR.webm', NULL, '2020-11-18 20:41:46', '2020-11-18 20:41:46', '20201118234146-HB9rlf5VR0.png');

-- --------------------------------------------------------

--
-- Table structure for table `zakah`
--

CREATE TABLE `zakah` (
  `id` bigint(20) UNSIGNED NOT NULL,
  `name` varchar(191) COLLATE utf8mb4_unicode_ci NOT NULL,
  `deleted_at` timestamp NULL DEFAULT NULL,
  `created_at` timestamp NOT NULL DEFAULT CURRENT_TIMESTAMP,
  `updated_at` timestamp NOT NULL DEFAULT CURRENT_TIMESTAMP ON UPDATE CURRENT_TIMESTAMP
) ENGINE=MyISAM DEFAULT CHARSET=utf8mb4 COLLATE=utf8mb4_unicode_ci;

--
-- Indexes for dumped tables
--

--
-- Indexes for table `activity_log`
--
ALTER TABLE `activity_log`
  ADD PRIMARY KEY (`id`),
  ADD KEY `activity_log_log_name_index` (`log_name`),
  ADD KEY `subject` (`subject_id`,`subject_type`),
  ADD KEY `causer` (`causer_id`,`causer_type`);

--
-- Indexes for table `administratives`
--
ALTER TABLE `administratives`
  ADD PRIMARY KEY (`id`);

--
-- Indexes for table `admins`
--
ALTER TABLE `admins`
  ADD PRIMARY KEY (`id`),
  ADD UNIQUE KEY `admins_email_unique` (`email`);

--
-- Indexes for table `albums`
--
ALTER TABLE `albums`
  ADD PRIMARY KEY (`id`);

--
-- Indexes for table `album_images`
--
ALTER TABLE `album_images`
  ADD PRIMARY KEY (`id`),
  ADD KEY `album_images_album_image_id_foreign` (`album_image_id`);

--
-- Indexes for table `ashom`
--
ALTER TABLE `ashom`
  ADD PRIMARY KEY (`id`);

--
-- Indexes for table `attributes`
--
ALTER TABLE `attributes`
  ADD PRIMARY KEY (`id`);

--
-- Indexes for table `attribute_values`
--
ALTER TABLE `attribute_values`
  ADD PRIMARY KEY (`id`),
  ADD KEY `attribute_values_attribute_id_foreign` (`attribute_id`);

--
-- Indexes for table `cart`
--
ALTER TABLE `cart`
  ADD PRIMARY KEY (`id`),
  ADD KEY `cart_user_id_foreign` (`user_id`),
  ADD KEY `cart_item_id_index` (`item_id`);

--
-- Indexes for table `cities`
--
ALTER TABLE `cities`
  ADD PRIMARY KEY (`id`);

--
-- Indexes for table `contact_us`
--
ALTER TABLE `contact_us`
  ADD PRIMARY KEY (`id`),
  ADD KEY `contact_us_user_id_foreign` (`user_id`);

--
-- Indexes for table `failed_jobs`
--
ALTER TABLE `failed_jobs`
  ADD PRIMARY KEY (`id`);

--
-- Indexes for table `help_requests`
--
ALTER TABLE `help_requests`
  ADD PRIMARY KEY (`id`),
  ADD KEY `help_requests_user_id_foreign` (`user_id`);

--
-- Indexes for table `help_request_items`
--
ALTER TABLE `help_request_items`
  ADD PRIMARY KEY (`id`);

--
-- Indexes for table `information`
--
ALTER TABLE `information`
  ADD PRIMARY KEY (`id`);

--
-- Indexes for table `items`
--
ALTER TABLE `items`
  ADD PRIMARY KEY (`id`);

--
-- Indexes for table `jobs`
--
ALTER TABLE `jobs`
  ADD PRIMARY KEY (`id`);

--
-- Indexes for table `job_applications`
--
ALTER TABLE `job_applications`
  ADD PRIMARY KEY (`id`),
  ADD KEY `job_applications_job_id_foreign` (`job_id`);

--
-- Indexes for table `marriage_requests`
--
ALTER TABLE `marriage_requests`
  ADD PRIMARY KEY (`id`),
  ADD KEY `marriage_requests_user_id_foreign` (`user_id`),
  ADD KEY `marriage_requests_nationality_id_foreign` (`nationality_id`),
  ADD KEY `marriage_requests_qualification_id_foreign` (`qualification_id`),
  ADD KEY `marriage_requests_city_id_foreign` (`city_id`);

--
-- Indexes for table `match_requests`
--
ALTER TABLE `match_requests`
  ADD PRIMARY KEY (`id`),
  ADD KEY `match_requests_user_id_foreign` (`user_id`),
  ADD KEY `match_requests_request_id_foreign` (`request_id`),
  ADD KEY `match_requests_match_request_id_foreign` (`match_request_id`);

--
-- Indexes for table `migrations`
--
ALTER TABLE `migrations`
  ADD PRIMARY KEY (`id`);

--
-- Indexes for table `model_has_permissions`
--
ALTER TABLE `model_has_permissions`
  ADD PRIMARY KEY (`permission_id`,`model_id`,`model_type`),
  ADD KEY `model_has_permissions_model_id_model_type_index` (`model_id`,`model_type`);

--
-- Indexes for table `model_has_roles`
--
ALTER TABLE `model_has_roles`
  ADD PRIMARY KEY (`role_id`,`model_id`,`model_type`),
  ADD KEY `model_has_roles_model_id_model_type_index` (`model_id`,`model_type`);

--
-- Indexes for table `nationalities`
--
ALTER TABLE `nationalities`
  ADD PRIMARY KEY (`id`);

--
-- Indexes for table `news`
--
ALTER TABLE `news`
  ADD PRIMARY KEY (`id`),
  ADD KEY `news_news_category_id_foreign` (`news_category_id`);

--
-- Indexes for table `news_categories`
--
ALTER TABLE `news_categories`
  ADD PRIMARY KEY (`id`);

--
-- Indexes for table `orders`
--
ALTER TABLE `orders`
  ADD PRIMARY KEY (`id`),
  ADD KEY `orders_user_id_foreign` (`user_id`);

--
-- Indexes for table `order_items`
--
ALTER TABLE `order_items`
  ADD PRIMARY KEY (`id`),
  ADD KEY `order_items_order_id_foreign` (`order_id`);

--
-- Indexes for table `pages`
--
ALTER TABLE `pages`
  ADD PRIMARY KEY (`id`),
  ADD UNIQUE KEY `pages_slug_unique` (`slug`);

--
-- Indexes for table `partners`
--
ALTER TABLE `partners`
  ADD PRIMARY KEY (`id`);

--
-- Indexes for table `password_resets`
--
ALTER TABLE `password_resets`
  ADD KEY `password_resets_email_index` (`email`);

--
-- Indexes for table `password_resets_admin`
--
ALTER TABLE `password_resets_admin`
  ADD KEY `password_resets_admin_email_index` (`email`);

--
-- Indexes for table `permissions`
--
ALTER TABLE `permissions`
  ADD PRIMARY KEY (`id`);

--
-- Indexes for table `qualifications`
--
ALTER TABLE `qualifications`
  ADD PRIMARY KEY (`id`);

--
-- Indexes for table `reports`
--
ALTER TABLE `reports`
  ADD PRIMARY KEY (`id`),
  ADD KEY `reports_user_id_foreign` (`user_id`);

--
-- Indexes for table `roles`
--
ALTER TABLE `roles`
  ADD PRIMARY KEY (`id`);

--
-- Indexes for table `role_has_permissions`
--
ALTER TABLE `role_has_permissions`
  ADD PRIMARY KEY (`permission_id`,`role_id`),
  ADD KEY `role_has_permissions_role_id_foreign` (`role_id`);

--
-- Indexes for table `sadakat`
--
ALTER TABLE `sadakat`
  ADD PRIMARY KEY (`id`);

--
-- Indexes for table `services`
--
ALTER TABLE `services`
  ADD PRIMARY KEY (`id`);

--
-- Indexes for table `settings`
--
ALTER TABLE `settings`
  ADD PRIMARY KEY (`id`),
  ADD UNIQUE KEY `settings_key_unique` (`key`);

--
-- Indexes for table `sliders`
--
ALTER TABLE `sliders`
  ADD PRIMARY KEY (`id`);

--
-- Indexes for table `systems`
--
ALTER TABLE `systems`
  ADD PRIMARY KEY (`id`);

--
-- Indexes for table `transfers`
--
ALTER TABLE `transfers`
  ADD PRIMARY KEY (`id`),
  ADD KEY `transfers_order_id_foreign` (`order_id`);

--
-- Indexes for table `users`
--
ALTER TABLE `users`
  ADD PRIMARY KEY (`id`),
  ADD UNIQUE KEY `users_phonenumber_unique` (`phoneNumber`),
  ADD UNIQUE KEY `users_email_unique` (`email`);

--
-- Indexes for table `videos`
--
ALTER TABLE `videos`
  ADD PRIMARY KEY (`id`);

--
-- Indexes for table `zakah`
--
ALTER TABLE `zakah`
  ADD PRIMARY KEY (`id`);

--
-- AUTO_INCREMENT for dumped tables
--

--
-- AUTO_INCREMENT for table `activity_log`
--
ALTER TABLE `activity_log`
  MODIFY `id` bigint(20) UNSIGNED NOT NULL AUTO_INCREMENT, AUTO_INCREMENT=16;

--
-- AUTO_INCREMENT for table `administratives`
--
ALTER TABLE `administratives`
  MODIFY `id` bigint(20) UNSIGNED NOT NULL AUTO_INCREMENT, AUTO_INCREMENT=102;

--
-- AUTO_INCREMENT for table `admins`
--
ALTER TABLE `admins`
  MODIFY `id` bigint(20) UNSIGNED NOT NULL AUTO_INCREMENT, AUTO_INCREMENT=3;

--
-- AUTO_INCREMENT for table `albums`
--
ALTER TABLE `albums`
  MODIFY `id` bigint(20) UNSIGNED NOT NULL AUTO_INCREMENT, AUTO_INCREMENT=4;

--
-- AUTO_INCREMENT for table `album_images`
--
ALTER TABLE `album_images`
  MODIFY `id` bigint(20) UNSIGNED NOT NULL AUTO_INCREMENT, AUTO_INCREMENT=16;

--
-- AUTO_INCREMENT for table `ashom`
--
ALTER TABLE `ashom`
  MODIFY `id` bigint(20) UNSIGNED NOT NULL AUTO_INCREMENT, AUTO_INCREMENT=106;

--
-- AUTO_INCREMENT for table `attributes`
--
ALTER TABLE `attributes`
  MODIFY `id` bigint(20) UNSIGNED NOT NULL AUTO_INCREMENT, AUTO_INCREMENT=101;

--
-- AUTO_INCREMENT for table `attribute_values`
--
ALTER TABLE `attribute_values`
  MODIFY `id` bigint(20) UNSIGNED NOT NULL AUTO_INCREMENT;

--
-- AUTO_INCREMENT for table `cart`
--
ALTER TABLE `cart`
  MODIFY `id` bigint(20) UNSIGNED NOT NULL AUTO_INCREMENT, AUTO_INCREMENT=38;

--
-- AUTO_INCREMENT for table `cities`
--
ALTER TABLE `cities`
  MODIFY `id` bigint(20) UNSIGNED NOT NULL AUTO_INCREMENT, AUTO_INCREMENT=108;

--
-- AUTO_INCREMENT for table `contact_us`
--
ALTER TABLE `contact_us`
  MODIFY `id` bigint(20) UNSIGNED NOT NULL AUTO_INCREMENT, AUTO_INCREMENT=8;

--
-- AUTO_INCREMENT for table `failed_jobs`
--
ALTER TABLE `failed_jobs`
  MODIFY `id` bigint(20) UNSIGNED NOT NULL AUTO_INCREMENT;

--
-- AUTO_INCREMENT for table `help_requests`
--
ALTER TABLE `help_requests`
  MODIFY `id` bigint(20) UNSIGNED NOT NULL AUTO_INCREMENT, AUTO_INCREMENT=42;

--
-- AUTO_INCREMENT for table `help_request_items`
--
ALTER TABLE `help_request_items`
  MODIFY `id` bigint(20) UNSIGNED NOT NULL AUTO_INCREMENT, AUTO_INCREMENT=33;

--
-- AUTO_INCREMENT for table `information`
--
ALTER TABLE `information`
  MODIFY `id` bigint(20) UNSIGNED NOT NULL AUTO_INCREMENT, AUTO_INCREMENT=4;

--
-- AUTO_INCREMENT for table `items`
--
ALTER TABLE `items`
  MODIFY `id` bigint(20) UNSIGNED NOT NULL AUTO_INCREMENT, AUTO_INCREMENT=10;

--
-- AUTO_INCREMENT for table `jobs`
--
ALTER TABLE `jobs`
  MODIFY `id` bigint(20) UNSIGNED NOT NULL AUTO_INCREMENT, AUTO_INCREMENT=105;

--
-- AUTO_INCREMENT for table `job_applications`
--
ALTER TABLE `job_applications`
  MODIFY `id` bigint(20) UNSIGNED NOT NULL AUTO_INCREMENT, AUTO_INCREMENT=6;

--
-- AUTO_INCREMENT for table `marriage_requests`
--
ALTER TABLE `marriage_requests`
  MODIFY `id` bigint(20) UNSIGNED NOT NULL AUTO_INCREMENT, AUTO_INCREMENT=55;

--
-- AUTO_INCREMENT for table `match_requests`
--
ALTER TABLE `match_requests`
  MODIFY `id` bigint(20) UNSIGNED NOT NULL AUTO_INCREMENT, AUTO_INCREMENT=21;

--
-- AUTO_INCREMENT for table `migrations`
--
ALTER TABLE `migrations`
  MODIFY `id` int(10) UNSIGNED NOT NULL AUTO_INCREMENT, AUTO_INCREMENT=63;

--
-- AUTO_INCREMENT for table `nationalities`
--
ALTER TABLE `nationalities`
  MODIFY `id` bigint(20) UNSIGNED NOT NULL AUTO_INCREMENT, AUTO_INCREMENT=108;

--
-- AUTO_INCREMENT for table `news`
--
ALTER TABLE `news`
  MODIFY `id` bigint(20) UNSIGNED NOT NULL AUTO_INCREMENT, AUTO_INCREMENT=8;

--
-- AUTO_INCREMENT for table `news_categories`
--
ALTER TABLE `news_categories`
  MODIFY `id` bigint(20) UNSIGNED NOT NULL AUTO_INCREMENT, AUTO_INCREMENT=5;

--
-- AUTO_INCREMENT for table `orders`
--
ALTER TABLE `orders`
  MODIFY `id` bigint(20) UNSIGNED NOT NULL AUTO_INCREMENT, AUTO_INCREMENT=37;

--
-- AUTO_INCREMENT for table `order_items`
--
ALTER TABLE `order_items`
  MODIFY `id` bigint(20) UNSIGNED NOT NULL AUTO_INCREMENT, AUTO_INCREMENT=57;

--
-- AUTO_INCREMENT for table `pages`
--
ALTER TABLE `pages`
  MODIFY `id` bigint(20) UNSIGNED NOT NULL AUTO_INCREMENT, AUTO_INCREMENT=18;

--
-- AUTO_INCREMENT for table `partners`
--
ALTER TABLE `partners`
  MODIFY `id` bigint(20) UNSIGNED NOT NULL AUTO_INCREMENT, AUTO_INCREMENT=6;

--
-- AUTO_INCREMENT for table `permissions`
--
ALTER TABLE `permissions`
  MODIFY `id` bigint(20) UNSIGNED NOT NULL AUTO_INCREMENT, AUTO_INCREMENT=84;

--
-- AUTO_INCREMENT for table `qualifications`
--
ALTER TABLE `qualifications`
  MODIFY `id` bigint(20) UNSIGNED NOT NULL AUTO_INCREMENT, AUTO_INCREMENT=106;

--
-- AUTO_INCREMENT for table `reports`
--
ALTER TABLE `reports`
  MODIFY `id` bigint(20) UNSIGNED NOT NULL AUTO_INCREMENT;

--
-- AUTO_INCREMENT for table `roles`
--
ALTER TABLE `roles`
  MODIFY `id` bigint(20) UNSIGNED NOT NULL AUTO_INCREMENT, AUTO_INCREMENT=2;

--
-- AUTO_INCREMENT for table `sadakat`
--
ALTER TABLE `sadakat`
  MODIFY `id` bigint(20) UNSIGNED NOT NULL AUTO_INCREMENT, AUTO_INCREMENT=116;

--
-- AUTO_INCREMENT for table `services`
--
ALTER TABLE `services`
  MODIFY `id` bigint(20) UNSIGNED NOT NULL AUTO_INCREMENT, AUTO_INCREMENT=2;

--
-- AUTO_INCREMENT for table `settings`
--
ALTER TABLE `settings`
  MODIFY `id` bigint(20) UNSIGNED NOT NULL AUTO_INCREMENT;

--
-- AUTO_INCREMENT for table `sliders`
--
ALTER TABLE `sliders`
  MODIFY `id` bigint(20) UNSIGNED NOT NULL AUTO_INCREMENT, AUTO_INCREMENT=17;

--
-- AUTO_INCREMENT for table `systems`
--
ALTER TABLE `systems`
  MODIFY `id` bigint(20) UNSIGNED NOT NULL AUTO_INCREMENT, AUTO_INCREMENT=3;

--
-- AUTO_INCREMENT for table `transfers`
--
ALTER TABLE `transfers`
  MODIFY `id` bigint(20) UNSIGNED NOT NULL AUTO_INCREMENT, AUTO_INCREMENT=37;

--
-- AUTO_INCREMENT for table `users`
--
ALTER TABLE `users`
  MODIFY `id` bigint(20) UNSIGNED NOT NULL AUTO_INCREMENT, AUTO_INCREMENT=42;

--
-- AUTO_INCREMENT for table `videos`
--
ALTER TABLE `videos`
  MODIFY `id` bigint(20) UNSIGNED NOT NULL AUTO_INCREMENT, AUTO_INCREMENT=3;

--
-- AUTO_INCREMENT for table `zakah`
--
ALTER TABLE `zakah`
  MODIFY `id` bigint(20) UNSIGNED NOT NULL AUTO_INCREMENT;
COMMIT;

/*!40101 SET CHARACTER_SET_CLIENT=@OLD_CHARACTER_SET_CLIENT */;
/*!40101 SET CHARACTER_SET_RESULTS=@OLD_CHARACTER_SET_RESULTS */;
/*!40101 SET COLLATION_CONNECTION=@OLD_COLLATION_CONNECTION */;
